category_key,category,subcategory
technical_support|login_authentication,technical_support,login_authentication
technical_support|performance,technical_support,performance
technical_support|integration,technical_support,integration
technical_support|bug_error,technical_support,bug_error
billing|payment_failed,billing,payment_failed
billing|refund,billing,refund
billing|invoice,billing,invoice
billing|subscription,billing,subscription
account_access|password_reset,account_access,password_reset
account_access|account_locked,account_access,account_locked
account_access|verification,account_access,verification
account_access|profile,account_access,profile
product_service_inquiry|feature_question,product_service_inquiry,feature_question
product_service_inquiry|pricing,product_service_inquiry,pricing
product_service_inquiry|availability,product_service_inquiry,availability
service_request|configuration,service_request,configuration
service_request|upgrade,service_request,upgrade
service_request|cancellation,service_request,cancellation
