metric,label,meaning,numerator,denominator,filters,period,unit,null_rule,value
total_tickets,Total Tickets,Quy mô ticket,COUNT(unique retained ticket_id),—,Tất cả retained tickets,Creation cohort 01/10/2025–30/09/2026; snapshot 01/10/2026 00:00 UTC+7,ticket,Key thiếu/ambiguous không vào processed,14774.0
completed_tickets,Completed Tickets,Ticket đã hoàn tất,COUNT(ticket),—,status resolved/closed,Creation cohort 01/10/2025–30/09/2026; snapshot 01/10/2026 00:00 UTC+7,ticket,Completed thiếu events bị quarantine,14196.0
open_tickets,Open Tickets,Ticket trạng thái open,COUNT(ticket),—,status open,Creation cohort 01/10/2025–30/09/2026; snapshot 01/10/2026 00:00 UTC+7,ticket,Không dùng SLA pending làm ticket status,282.0
pending_tickets,Pending Tickets,Ticket trạng thái pending,COUNT(ticket),—,status pending,Creation cohort 01/10/2025–30/09/2026; snapshot 01/10/2026 00:00 UTC+7,ticket,Không dùng SLA pending làm ticket status,296.0
average_first_response_minutes,Average First Response Minutes,Thời gian đến phản hồi đầu,SUM(first_response elapsed minutes),N observed responses,first_response_at not null,Creation cohort 01/10/2025–30/09/2026; snapshot 01/10/2026 00:00 UTC+7,minute,Loại thiếu event; không điền zero,54.8903404860218
average_resolution_hours,Average Resolution Hours,"Thời gian elapsed đến hoàn tất, gồm waiting",SUM(resolution elapsed hours),N completed observed durations,completed tickets,Creation cohort 01/10/2025–30/09/2026; snapshot 01/10/2026 00:00 UTC+7,hour,Loại unresolved; giữ valid long tails,117.04776169343477
median_resolution_hours,Median Resolution Hours,"Phân phối elapsed resolution, gồm waiting",median trên danh sách completed durations; inclusive linear interpolation,—,"completed, observed duration",Creation cohort 01/10/2025–30/09/2026; snapshot 01/10/2026 00:00 UTC+7,hour,Bỏ unresolved/missing; không bỏ valid long tails,6.216666666666667
p90_resolution_hours,P90 Resolution Hours,"Phân phối elapsed resolution, gồm waiting",p90 trên danh sách completed durations; inclusive linear interpolation,—,"completed, observed duration",Creation cohort 01/10/2025–30/09/2026; snapshot 01/10/2026 00:00 UTC+7,hour,Bỏ unresolved/missing; không bỏ valid long tails,29.733333333333334
p95_resolution_hours,P95 Resolution Hours,"Phân phối elapsed resolution, gồm waiting",p95 trên danh sách completed durations; inclusive linear interpolation,—,"completed, observed duration",Creation cohort 01/10/2025–30/09/2026; snapshot 01/10/2026 00:00 UTC+7,hour,Bỏ unresolved/missing; không bỏ valid long tails,48.75
average_csat,Average CSAT,Mức hài lòng người trả lời,SUM(valid scores),N valid responses,"completed, csat 1–5",Creation cohort 01/10/2025–30/09/2026; snapshot 01/10/2026 00:00 UTC+7,score /5,Null/invalid không phải zero,4.071457408155026
csat_responses,CSAT Responses,Số survey hợp lệ,COUNT(valid CSAT),—,"completed, csat 1–5",Creation cohort 01/10/2025–30/09/2026; snapshot 01/10/2026 00:00 UTC+7,response,Không đếm null/invalid,7431.0
csat_response_rate,CSAT Response Rate %,Participation trong completed cohort,N completed valid CSAT,N completed tickets,completed,Creation cohort 01/10/2025–30/09/2026; snapshot 01/10/2026 00:00 UTC+7,fraction / %,Zero denominator → blank; null score không đếm tử số,0.5234573119188504
reopened_tickets,Reopened Tickets,Ticket có ghi nhận reopen,COUNT(ticket),—,reopen_count >0,Creation cohort 01/10/2025–30/09/2026; snapshot 01/10/2026 00:00 UTC+7,ticket,Không suy đoán FCR,1234.0
reopen_rate,Reopen Rate %,Tỷ lệ ticket từng reopen,N reopen_count >0,N retained tickets,all retained,Creation cohort 01/10/2025–30/09/2026; snapshot 01/10/2026 00:00 UTC+7,fraction / %,Zero denominator → blank; không phải FCR,0.0835251116826858
backlog,Backlog Count,Unresolved tại snapshot,N open + pending,—,unresolved,Creation cohort 01/10/2025–30/09/2026; snapshot 01/10/2026 00:00 UTC+7,ticket,Không suy dựng historical backlog,578.0
backlog_rate,Backlog %,Tỷ trọng unresolved,N backlog,N retained tickets,all retained,Creation cohort 01/10/2025–30/09/2026; snapshot 01/10/2026 00:00 UTC+7,fraction / %,Zero denominator → blank,0.039122783267903076
weekday_weekend_ratio,Weekday / Weekend Average Arrivals,Tỷ số average daily demand,Weekday tickets / weekday calendar days,Weekend tickets / weekend calendar days,Calendar đủ 365 ngày theo contract,Creation cohort 01/10/2025–30/09/2026; snapshot 01/10/2026 00:00 UTC+7,ratio,Giữ zero-ticket days; zero weekend average → blank,1.9247203548975313
handling_hours,Handling Hours,Effort actual handlers,SUM(work_log handling_minutes),60,Retained work logs theo work date/handler,Work dates 01/10/2025–30/09/2026,hour,Không dùng elapsed resolution làm effort,20183.716666666667
productive_capacity_hours,Productive Capacity Hours,Capacity sau absence/shrinkage,SUM(scheduled−absence−shrinkage),60,Retained workforce agent/date,Work dates 01/10/2025–30/09/2026,hour,Không tự điền 9 quarantined workforce days,29361.616666666665
utilization,Utilization %,Effort / productive capacity,SUM(handling minutes),SUM(productive minutes),Actual handler/work dates,Work dates 01/10/2025–30/09/2026,fraction / %,Zero capacity → blank; có thể >100%,0.6874184380174343
median_team_day_utilization,Median Team-Day Utilization %,Median tỷ lệ từng team-day,Median(team-day handling / productive),—,Team-day có productive >0,Work dates 01/10/2025–30/09/2026,fraction / %,Loại zero capacity; khác ratio of sums,0.6862547851910763
fr_sla_met,First Response SLA Met,First Response MET,N MET,—,First Response snapshot outcome,Creation cohort 01/10/2025–30/09/2026; snapshot 01/10/2026 00:00 UTC+7,ticket,Missing event: age >target → breach; age <=target → pending,12990.0
fr_sla_breached,First Response SLA Breached,First Response BREACHED,N BREACHED,—,First Response snapshot outcome,Creation cohort 01/10/2025–30/09/2026; snapshot 01/10/2026 00:00 UTC+7,ticket,Missing event: age >target → breach; age <=target → pending,1783.0
fr_sla_pending,First Response SLA Pending,First Response PENDING,N PENDING,—,First Response snapshot outcome,Creation cohort 01/10/2025–30/09/2026; snapshot 01/10/2026 00:00 UTC+7,ticket,Missing event: age >target → breach; age <=target → pending,1.0
fr_sla_eligible,First Response SLA Eligible,First Response ELIGIBLE,N MET + BREACHED,—,First Response snapshot outcome,Creation cohort 01/10/2025–30/09/2026; snapshot 01/10/2026 00:00 UTC+7,ticket,Missing event: age >target → breach; age <=target → pending,14773.0
fr_sla_compliance,First Response SLA Compliance %,First Response tuân thủ SLA,N MET,N MET + N BREACHED,Component eligible,Creation cohort 01/10/2025–30/09/2026; snapshot 01/10/2026 00:00 UTC+7,fraction / %,PENDING loại riêng; zero denominator → blank,0.8793068435659649
fr_breach_rate,First Response SLA Breach %,First Response vi phạm SLA,N BREACHED,N MET + N BREACHED,Component eligible,Creation cohort 01/10/2025–30/09/2026; snapshot 01/10/2026 00:00 UTC+7,fraction / %,PENDING loại riêng; zero denominator → blank,0.12069315643403507
resolution_sla_met,Resolution SLA Met,Resolution MET,N MET,—,Resolution snapshot outcome,Creation cohort 01/10/2025–30/09/2026; snapshot 01/10/2026 00:00 UTC+7,ticket,Missing event: age >target → breach; age <=target → pending,11243.0
resolution_sla_breached,Resolution SLA Breached,Resolution BREACHED,N BREACHED,—,Resolution snapshot outcome,Creation cohort 01/10/2025–30/09/2026; snapshot 01/10/2026 00:00 UTC+7,ticket,Missing event: age >target → breach; age <=target → pending,3514.0
resolution_sla_pending,Resolution SLA Pending,Resolution PENDING,N PENDING,—,Resolution snapshot outcome,Creation cohort 01/10/2025–30/09/2026; snapshot 01/10/2026 00:00 UTC+7,ticket,Missing event: age >target → breach; age <=target → pending,17.0
resolution_sla_eligible,Resolution SLA Eligible,Resolution ELIGIBLE,N MET + BREACHED,—,Resolution snapshot outcome,Creation cohort 01/10/2025–30/09/2026; snapshot 01/10/2026 00:00 UTC+7,ticket,Missing event: age >target → breach; age <=target → pending,14757.0
resolution_sla_compliance,Resolution SLA Compliance %,Resolution tuân thủ SLA,N MET,N MET + N BREACHED,Component eligible,Creation cohort 01/10/2025–30/09/2026; snapshot 01/10/2026 00:00 UTC+7,fraction / %,PENDING loại riêng; zero denominator → blank,0.7618757199972894
resolution_breach_rate,Resolution SLA Breach %,Resolution vi phạm SLA,N BREACHED,N MET + N BREACHED,Component eligible,Creation cohort 01/10/2025–30/09/2026; snapshot 01/10/2026 00:00 UTC+7,fraction / %,PENDING loại riêng; zero denominator → blank,0.23812428000271058
overall_sla_met,Overall SLA Met,Overall MET,N MET,—,Overall snapshot outcome,Creation cohort 01/10/2025–30/09/2026; snapshot 01/10/2026 00:00 UTC+7,ticket,Missing event: age >target → breach; age <=target → pending,9986.0
overall_sla_breached,Overall SLA Breached,Overall BREACHED,N BREACHED,—,Overall snapshot outcome,Creation cohort 01/10/2025–30/09/2026; snapshot 01/10/2026 00:00 UTC+7,ticket,Missing event: age >target → breach; age <=target → pending,4772.0
overall_sla_pending,Overall SLA Pending,Overall PENDING,N PENDING,—,Overall snapshot outcome,Creation cohort 01/10/2025–30/09/2026; snapshot 01/10/2026 00:00 UTC+7,ticket,Missing event: age >target → breach; age <=target → pending,16.0
overall_sla_eligible,Overall SLA Eligible,Overall ELIGIBLE,N MET + BREACHED,—,Overall snapshot outcome,Creation cohort 01/10/2025–30/09/2026; snapshot 01/10/2026 00:00 UTC+7,ticket,Missing event: age >target → breach; age <=target → pending,14758.0
overall_sla_compliance,Overall SLA Compliance %,Overall tuân thủ SLA,N MET,N MET + N BREACHED,Component eligible,Creation cohort 01/10/2025–30/09/2026; snapshot 01/10/2026 00:00 UTC+7,fraction / %,PENDING loại riêng; zero denominator → blank,0.6766499525680987
overall_breach_rate,Overall SLA Breach %,Overall vi phạm SLA,N BREACHED,N MET + N BREACHED,Component eligible,Creation cohort 01/10/2025–30/09/2026; snapshot 01/10/2026 00:00 UTC+7,fraction / %,PENDING loại riêng; zero denominator → blank,0.3233500474319013
backlog_over_24_hours,Backlog >24 Hours,Unresolved age strictly >24h,COUNT(ticket),—,unresolved và snapshot age >24h,Creation cohort 01/10/2025–30/09/2026; snapshot 01/10/2026 00:00 UTC+7,ticket,"Nested thresholds, không cộng thành tổng",559.0
backlog_over_48_hours,Backlog >48 Hours,Unresolved age strictly >48h,COUNT(ticket),—,unresolved và snapshot age >48h,Creation cohort 01/10/2025–30/09/2026; snapshot 01/10/2026 00:00 UTC+7,ticket,"Nested thresholds, không cộng thành tổng",552.0
backlog_over_72_hours,Backlog >72 Hours,Unresolved age strictly >72h,COUNT(ticket),—,unresolved và snapshot age >72h,Creation cohort 01/10/2025–30/09/2026; snapshot 01/10/2026 00:00 UTC+7,ticket,"Nested thresholds, không cộng thành tổng",549.0
