metric,value,unit,definition
total_tickets,14774.0,value,total tickets
completed_tickets,14196.0,value,completed tickets
open_tickets,282.0,value,open tickets
pending_tickets,296.0,value,pending tickets
average_first_response_minutes,54.8903404860218,value,average first response minutes
average_resolution_hours,117.04776169343477,value,average resolution hours
median_resolution_hours,6.216666666666667,value,median resolution hours
p90_resolution_hours,29.733333333333334,value,p90 resolution hours
p95_resolution_hours,48.75,value,p95 resolution hours
average_csat,4.071457408155026,value,average csat
csat_responses,7431.0,value,csat responses
csat_response_rate,0.5234573119188504,fraction,Completed tickets with valid CSAT / completed tickets
reopened_tickets,1234.0,value,reopened tickets
reopen_rate,0.0835251116826858,fraction,Tickets with reopen_count > 0 / all retained tickets; not FCR
backlog,578.0,value,backlog
backlog_rate,0.039122783267903076,fraction,backlog rate
weekday_weekend_ratio,1.9247203548975313,value,Average local weekday arrivals / average local weekend arrivals; zero days included
handling_hours,20183.716666666667,value,handling hours
productive_capacity_hours,29361.616666666665,value,productive capacity hours
utilization,0.6874184380174343,fraction,"Handling / productive minutes, ratio of sums; null at zero capacity"
median_team_day_utilization,0.6862547851910763,fraction,Median of team/day handling / productive capacity; zero capacity excluded
fr_sla_met,12990.0,value,fr sla met
fr_sla_breached,1783.0,value,fr sla breached
fr_sla_pending,1.0,value,fr sla pending
fr_sla_eligible,14773.0,value,fr sla eligible
fr_sla_compliance,0.8793068435659649,fraction,MET / (MET + BREACHED); PENDING excluded
fr_breach_rate,0.12069315643403507,fraction,fr breach rate
resolution_sla_met,11243.0,value,resolution sla met
resolution_sla_breached,3514.0,value,resolution sla breached
resolution_sla_pending,17.0,value,resolution sla pending
resolution_sla_eligible,14757.0,value,resolution sla eligible
resolution_sla_compliance,0.7618757199972894,fraction,MET / (MET + BREACHED); PENDING excluded
resolution_breach_rate,0.23812428000271058,fraction,resolution breach rate
overall_sla_met,9986.0,value,overall sla met
overall_sla_breached,4772.0,value,overall sla breached
overall_sla_pending,16.0,value,overall sla pending
overall_sla_eligible,14758.0,value,overall sla eligible
overall_sla_compliance,0.6766499525680987,fraction,MET / (MET + BREACHED); PENDING excluded
overall_breach_rate,0.3233500474319013,fraction,overall breach rate
backlog_over_24_hours,559.0,value,backlog over 24 hours
backlog_over_48_hours,552.0,value,backlog over 48 hours
backlog_over_72_hours,549.0,value,backlog over 72 hours
