agent_id,team,hire_date,_source_row,quarantine_reason,dataset,policy_id,channel,priority,first_response_target_minutes,resolution_target_minutes,ticket_id,assigned_agent_id,customer_type,category,subcategory,created_at,first_response_at,resolved_at,status,reopen_count,csat_score,work_log_id,work_date,handling_minutes,scheduled_minutes,absence_minutes,shrinkage_minutes
,,,13,conflicting_key,tickets,POLEMAILHIGH,email,high,,,TKT000012,AGT007,premium,technical_support,performance,2025-10-01T03:05:56Z,2025-10-01T03:26:56Z,2025-10-01T10:35:56Z,resolved,0.0,,,,,,,
,,,331,conflicting_key,tickets,POLEMAILHIGH,email,high,,,TKT000330,AGT010,premium,technical_support,integration,2025-10-08T11:05:47Z,2025-10-08T12:58:47Z,2025-10-08T21:47:47Z,resolved,0.0,4.0,,,,,,
,,,2417,conflicting_key,tickets,POLCHATMEDIUM,chat,medium,,,TKT002416,AGT018,premium,billing,subscription,2025-11-26T07:26:08Z,2025-11-26T07:49:08Z,2025-11-26T20:56:08Z,closed,0.0,,,,,,,
,,,2836,conflicting_key,tickets,POLEMAILHIGH,email,high,,,TKT002835,AGT012,vip,billing,subscription,2025-12-06T04:35:21Z,2025-12-06T05:00:21Z,2025-12-06T08:44:21Z,resolved,0.0,4.0,,,,,,
,,,3886,conflicting_key,tickets,POLEMAILMEDIUM,email,medium,,,TKT003885,AGT003,standard,service_request,configuration,2026-01-02T04:10:01Z,2026-01-02T07:28:01Z,2026-01-02T07:29:01Z,closed,0.0,4.0,,,,,,
,,,3966,conflicting_key,tickets,POLPHONEURGENT,phone,urgent,,,TKT003965,AGT018,standard,billing,payment_failed,2026-01-05T02:24:08Z,2026-01-05T02:27:08Z,2026-01-05T05:00:08Z,resolved,0.0,,,,,,,
,,,4211,conflicting_key,tickets,POLCHATHIGH,chat,high,,,TKT004210,AGT003,vip,product_service_inquiry,availability,2026-01-10T02:44:04Z,2026-01-10T02:45:04Z,2026-01-10T02:56:04Z,resolved,0.0,4.0,,,,,,
,,,4288,conflicting_key,tickets,POLEMAILHIGH,email,high,,,TKT004287,AGT008,vip,technical_support,login_authentication,2026-01-12T08:01:00Z,2026-01-12T08:58:00Z,2026-01-13T01:02:00Z,resolved,1.0,4.0,,,,,,
,,,5050,conflicting_key,tickets,POLEMAILMEDIUM,email,medium,,,TKT005049,AGT003,standard,service_request,configuration,2026-01-30T06:16:13Z,2026-01-30T07:03:13Z,2026-01-30T18:39:13Z,closed,0.0,,,,,,,
,,,5510,conflicting_key,tickets,POLCHATHIGH,chat,high,,,TKT005509,AGT014,premium,billing,refund,2026-02-10T19:20:42Z,2026-02-10T19:28:42Z,2026-02-11T17:06:42Z,closed,1.0,5.0,,,,,,
,,,6342,conflicting_key,tickets,POLEMAILMEDIUM,email,medium,,,TKT006341,AGT007,premium,technical_support,bug_error,2026-03-03T07:18:06Z,2026-03-03T09:01:06Z,2026-03-03T18:12:06Z,closed,0.0,,,,,,,
,,,6647,conflicting_key,tickets,POLCHATMEDIUM,chat,medium,,,TKT006646,AGT007,vip,technical_support,login_authentication,2026-03-09T23:43:13Z,2026-03-09T23:47:13Z,2026-03-12T05:53:13Z,resolved,1.0,3.0,,,,,,
,,,7169,conflicting_key,tickets,POLEMAILMEDIUM,email,medium,,,TKT007168,AGT018,standard,billing,payment_failed,2026-03-21T14:26:11Z,2026-03-21T16:02:11Z,2026-03-21T16:20:11Z,closed,0.0,,,,,,,
,,,7361,conflicting_key,tickets,POLPHONELOW,phone,low,,,TKT007360,AGT016,standard,account_access,password_reset,2026-03-26T16:19:12Z,2026-03-26T16:26:12Z,2026-03-26T22:32:12Z,resolved,1.0,,,,,,,
,,,7369,conflicting_key,tickets,POLEMAILLOW,email,low,,,TKT007368,AGT012,standard,technical_support,bug_error,2026-03-27T04:06:39Z,2026-03-27T08:07:39Z,2026-03-28T14:39:39Z,resolved,0.0,,,,,,,
,,,7394,conflicting_key,tickets,POLEMAILMEDIUM,email,medium,,,TKT007393,AGT007,standard,technical_support,integration,2026-03-28T03:11:46Z,2026-03-28T03:51:46Z,2026-03-29T10:51:46Z,resolved,1.0,3.0,,,,,,
,,,7437,conflicting_key,tickets,POLCHATHIGH,chat,high,,,TKT007436,AGT010,standard,technical_support,integration,2026-03-29T11:42:12Z,2026-03-29T11:46:12Z,2026-03-30T03:43:12Z,resolved,0.0,5.0,,,,,,
,,,7995,conflicting_key,tickets,POLCHATHIGH,chat,high,,,TKT007994,AGT001,standard,product_service_inquiry,feature_question,2026-04-12T14:37:45Z,2026-04-12T14:39:45Z,2026-04-12T15:04:45Z,resolved,0.0,5.0,,,,,,
,,,8807,conflicting_key,tickets,POLPHONEMEDIUM,phone,medium,,,TKT008806,AGT018,premium,billing,payment_failed,2026-05-01T10:52:46Z,2026-05-01T10:54:46Z,2026-05-01T23:59:46Z,resolved,0.0,5.0,,,,,,
,,,8846,conflicting_key,tickets,POLEMAILMEDIUM,email,medium,,,TKT008845,AGT010,standard,account_access,verification,2026-05-03T03:53:29Z,2026-05-03T05:13:29Z,2026-05-03T07:20:29Z,resolved,0.0,,,,,,,
,,,9286,conflicting_key,tickets,POLCHATLOW,chat,low,,,TKT009285,AGT009,standard,technical_support,integration,2026-05-13T01:09:57Z,2026-05-13T02:19:57Z,2026-05-14T01:40:57Z,resolved,0.0,,,,,,,
,,,9478,conflicting_key,tickets,POLCHATMEDIUM,chat,medium,,,TKT009477,AGT017,standard,account_access,verification,2026-05-17T12:52:36Z,2026-05-17T13:00:36Z,2026-05-17T15:58:36Z,resolved,0.0,4.0,,,,,,
,,,9720,conflicting_key,tickets,POLCHATURGENT,chat,urgent,,,TKT009719,AGT001,standard,billing,subscription,2026-05-23T00:37:24Z,2026-05-23T00:38:24Z,2026-05-23T11:01:24Z,resolved,0.0,4.0,,,,,,
,,,10072,conflicting_key,tickets,POLCHATHIGH,chat,high,,,TKT010071,AGT014,standard,account_access,password_reset,2026-06-01T02:36:09Z,2026-06-01T02:38:09Z,2026-06-01T04:22:09Z,resolved,0.0,,,,,,,
,,,10800,conflicting_key,tickets,POLEMAILHIGH,email,high,,,TKT010799,AGT004,premium,billing,subscription,2026-06-18T10:28:39Z,2026-06-18T12:00:39Z,2026-06-18T12:01:39Z,closed,0.0,,,,,,,
,,,11116,conflicting_key,tickets,POLWEBMEDIUM,web,medium,,,TKT011115,AGT015,premium,billing,payment_failed,2026-06-26T14:43:23Z,2026-06-26T19:01:23Z,2026-06-27T02:05:23Z,resolved,0.0,5.0,,,,,,
,,,11666,conflicting_key,tickets,POLEMAILLOW,email,low,,,TKT011665,AGT005,standard,service_request,cancellation,2026-07-10T14:16:32Z,2026-07-10T14:40:32Z,2026-07-11T09:10:32Z,resolved,0.0,5.0,,,,,,
,,,12250,conflicting_key,tickets,POLEMAILLOW,email,low,,,TKT012249,AGT004,standard,account_access,account_locked,2026-07-25T04:38:45Z,2026-07-25T06:54:45Z,2026-07-25T07:35:45Z,resolved,0.0,4.0,,,,,,
,,,12411,conflicting_key,tickets,POLCHATMEDIUM,chat,medium,,,TKT012410,AGT003,standard,service_request,cancellation,2026-07-29T07:15:37Z,2026-07-29T07:33:37Z,2026-07-29T08:58:37Z,closed,0.0,,,,,,,
,,,12447,conflicting_key,tickets,POLCHATHIGH,chat,high,,,TKT012446,AGT012,standard,technical_support,performance,2026-07-30T03:25:48Z,2026-07-30T03:44:48Z,2026-07-31T09:22:48Z,resolved,0.0,3.0,,,,,,
,,,15077,conflicting_key,tickets,POLEMAILMEDIUM,email,medium,,,TKT006341,AGT007,vip,technical_support,bug_error,2026-03-03T07:18:06Z,2026-03-03T09:01:06Z,2026-03-03T18:12:06Z,closed,0.0,,,,,,,
,,,15078,conflicting_key,tickets,POLWEBMEDIUM,web,medium,,,TKT011115,AGT015,vip,billing,payment_failed,2026-06-26T14:43:23Z,2026-06-26T19:01:23Z,2026-06-27T02:05:23Z,resolved,0.0,5.0,,,,,,
,,,15079,conflicting_key,tickets,POLEMAILHIGH,email,high,,,TKT010799,AGT004,vip,billing,subscription,2026-06-18T10:28:39Z,2026-06-18T12:00:39Z,2026-06-18T12:01:39Z,closed,0.0,,,,,,,
,,,15080,conflicting_key,tickets,POLCHATHIGH,chat,high,,,TKT007994,AGT001,premium,product_service_inquiry,feature_question,2026-04-12T14:37:45Z,2026-04-12T14:39:45Z,2026-04-12T15:04:45Z,resolved,0.0,5.0,,,,,,
,,,15081,conflicting_key,tickets,POLEMAILMEDIUM,email,medium,,,TKT008845,AGT010,premium,account_access,verification,2026-05-03T03:53:29Z,2026-05-03T05:13:29Z,2026-05-03T07:20:29Z,resolved,0.0,,,,,,,
,,,15082,conflicting_key,tickets,POLCHATHIGH,chat,high,,,TKT012446,AGT012,premium,technical_support,performance,2026-07-30T03:25:48Z,2026-07-30T03:44:48Z,2026-07-31T09:22:48Z,resolved,0.0,3.0,,,,,,
,,,15083,conflicting_key,tickets,POLEMAILLOW,email,low,,,TKT012249,AGT004,premium,account_access,account_locked,2026-07-25T04:38:45Z,2026-07-25T06:54:45Z,2026-07-25T07:35:45Z,resolved,0.0,4.0,,,,,,
,,,15084,conflicting_key,tickets,POLEMAILLOW,email,low,,,TKT007368,AGT012,premium,technical_support,bug_error,2026-03-27T04:06:39Z,2026-03-27T08:07:39Z,2026-03-28T14:39:39Z,resolved,0.0,,,,,,,
,,,15085,conflicting_key,tickets,POLEMAILHIGH,email,high,,,TKT000012,AGT007,vip,technical_support,performance,2025-10-01T03:05:56Z,2025-10-01T03:26:56Z,2025-10-01T10:35:56Z,resolved,0.0,,,,,,,
,,,15086,conflicting_key,tickets,POLPHONELOW,phone,low,,,TKT007360,AGT016,premium,account_access,password_reset,2026-03-26T16:19:12Z,2026-03-26T16:26:12Z,2026-03-26T22:32:12Z,resolved,1.0,,,,,,,
,,,15087,conflicting_key,tickets,POLEMAILLOW,email,low,,,TKT011665,AGT005,premium,service_request,cancellation,2026-07-10T14:16:32Z,2026-07-10T14:40:32Z,2026-07-11T09:10:32Z,resolved,0.0,5.0,,,,,,
,,,15088,conflicting_key,tickets,POLPHONEMEDIUM,phone,medium,,,TKT008806,AGT018,vip,billing,payment_failed,2026-05-01T10:52:46Z,2026-05-01T10:54:46Z,2026-05-01T23:59:46Z,resolved,0.0,5.0,,,,,,
,,,15089,conflicting_key,tickets,POLEMAILMEDIUM,email,medium,,,TKT003885,AGT003,premium,service_request,configuration,2026-01-02T04:10:01Z,2026-01-02T07:28:01Z,2026-01-02T07:29:01Z,closed,0.0,4.0,,,,,,
,,,15090,conflicting_key,tickets,POLCHATHIGH,chat,high,,,TKT005509,AGT014,vip,billing,refund,2026-02-10T19:20:42Z,2026-02-10T19:28:42Z,2026-02-11T17:06:42Z,closed,1.0,5.0,,,,,,
,,,15091,conflicting_key,tickets,POLCHATHIGH,chat,high,,,TKT007436,AGT010,premium,technical_support,integration,2026-03-29T11:42:12Z,2026-03-29T11:46:12Z,2026-03-30T03:43:12Z,resolved,0.0,5.0,,,,,,
,,,15092,conflicting_key,tickets,POLCHATLOW,chat,low,,,TKT009285,AGT009,premium,technical_support,integration,2026-05-13T01:09:57Z,2026-05-13T02:19:57Z,2026-05-14T01:40:57Z,resolved,0.0,,,,,,,
,,,15093,conflicting_key,tickets,POLEMAILMEDIUM,email,medium,,,TKT007393,AGT007,premium,technical_support,integration,2026-03-28T03:11:46Z,2026-03-28T03:51:46Z,2026-03-29T10:51:46Z,resolved,1.0,3.0,,,,,,
,,,15094,conflicting_key,tickets,POLEMAILMEDIUM,email,medium,,,TKT007168,AGT018,premium,billing,payment_failed,2026-03-21T14:26:11Z,2026-03-21T16:02:11Z,2026-03-21T16:20:11Z,closed,0.0,,,,,,,
,,,15095,conflicting_key,tickets,POLPHONEURGENT,phone,urgent,,,TKT003965,AGT018,premium,billing,payment_failed,2026-01-05T02:24:08Z,2026-01-05T02:27:08Z,2026-01-05T05:00:08Z,resolved,0.0,,,,,,,
,,,15096,conflicting_key,tickets,POLEMAILHIGH,email,high,,,TKT000330,AGT010,vip,technical_support,integration,2025-10-08T11:05:47Z,2025-10-08T12:58:47Z,2025-10-08T21:47:47Z,resolved,0.0,4.0,,,,,,
,,,15097,conflicting_key,tickets,POLEMAILMEDIUM,email,medium,,,TKT005049,AGT003,premium,service_request,configuration,2026-01-30T06:16:13Z,2026-01-30T07:03:13Z,2026-01-30T18:39:13Z,closed,0.0,,,,,,,
,,,15098,conflicting_key,tickets,POLCHATMEDIUM,chat,medium,,,TKT006646,AGT007,standard,technical_support,login_authentication,2026-03-09T23:43:13Z,2026-03-09T23:47:13Z,2026-03-12T05:53:13Z,resolved,1.0,3.0,,,,,,
,,,15099,conflicting_key,tickets,POLCHATMEDIUM,chat,medium,,,TKT012410,AGT003,premium,service_request,cancellation,2026-07-29T07:15:37Z,2026-07-29T07:33:37Z,2026-07-29T08:58:37Z,closed,0.0,,,,,,,
,,,15100,conflicting_key,tickets,POLCHATMEDIUM,chat,medium,,,TKT009477,AGT017,premium,account_access,verification,2026-05-17T12:52:36Z,2026-05-17T13:00:36Z,2026-05-17T15:58:36Z,resolved,0.0,4.0,,,,,,
,,,15101,conflicting_key,tickets,POLEMAILHIGH,email,high,,,TKT004287,AGT008,standard,technical_support,login_authentication,2026-01-12T08:01:00Z,2026-01-12T08:58:00Z,2026-01-13T01:02:00Z,resolved,1.0,4.0,,,,,,
,,,15102,conflicting_key,tickets,POLCHATMEDIUM,chat,medium,,,TKT002416,AGT018,vip,billing,subscription,2025-11-26T07:26:08Z,2025-11-26T07:49:08Z,2025-11-26T20:56:08Z,closed,0.0,,,,,,,
,,,15103,conflicting_key,tickets,POLEMAILHIGH,email,high,,,TKT002835,AGT012,standard,billing,subscription,2025-12-06T04:35:21Z,2025-12-06T05:00:21Z,2025-12-06T08:44:21Z,resolved,0.0,4.0,,,,,,
,,,15104,conflicting_key,tickets,POLCHATHIGH,chat,high,,,TKT010071,AGT014,premium,account_access,password_reset,2026-06-01T02:36:09Z,2026-06-01T02:38:09Z,2026-06-01T04:22:09Z,resolved,0.0,,,,,,,
,,,15105,conflicting_key,tickets,POLCHATHIGH,chat,high,,,TKT004210,AGT003,standard,product_service_inquiry,availability,2026-01-10T02:44:04Z,2026-01-10T02:45:04Z,2026-01-10T02:56:04Z,resolved,0.0,4.0,,,,,,
,,,15106,conflicting_key,tickets,POLCHATURGENT,chat,urgent,,,TKT009719,AGT001,premium,billing,subscription,2026-05-23T00:37:24Z,2026-05-23T00:38:24Z,2026-05-23T11:01:24Z,resolved,0.0,4.0,,,,,,
,,,76,invalid_hierarchy,tickets,POLCHATMEDIUM,chat,medium,,,TKT000075,AGT009,standard,technical_support,payment_failed,2025-10-02T05:25:52Z,2025-10-02T05:35:52Z,2025-10-02T17:52:52Z,resolved,0.0,,,,,,,
,,,162,completed_missing_fields,tickets,POLWEBHIGH,web,high,,,TKT000161,AGT009,standard,technical_support,bug_error,2025-10-04T06:01:52Z,2025-10-04T06:28:52Z,,resolved,0.0,5.0,,,,,,
,,,184,completed_missing_fields,tickets,POLPHONEMEDIUM,phone,medium,,,TKT000183,AGT007,standard,technical_support,integration,2025-10-05T06:37:19Z,2025-10-05T06:41:19Z,,resolved,0.0,5.0,,,,,,
,,,509,missing_hierarchy,tickets,POLCHATMEDIUM,chat,medium,,,TKT000508,AGT007,standard,product_service_inquiry,,2025-10-13T08:21:55Z,2025-10-13T08:44:55Z,2025-10-13T09:55:55Z,resolved,0.0,3.0,,,,,,
,,,552,unknown_owner,tickets,POLCHATMEDIUM,chat,medium,,,TKT000551,AGT999,premium,technical_support,integration,2025-10-14T10:04:45Z,2025-10-14T10:10:45Z,2025-10-15T00:30:45Z,resolved,0.0,4.0,,,,,,
,,,561,completed_missing_fields,tickets,POLCHATMEDIUM,chat,medium,,,TKT000560,AGT015,standard,billing,payment_failed,2025-10-14T22:47:18Z,2025-10-14T22:50:18Z,,resolved,0.0,4.0,,,,,,
,,,594,invalid_hierarchy,tickets,POLEMAILMEDIUM,email,medium,,,TKT000593,AGT015,standard,technical_support,payment_failed,2025-10-15T08:46:33Z,2025-10-15T09:15:33Z,2025-10-15T15:20:33Z,resolved,0.0,3.0,,,,,,
,,,601,invalid_hierarchy,tickets,POLEMAILMEDIUM,email,medium,,,TKT000600,AGT014,standard,technical_support,payment_failed,2025-10-15T13:02:23Z,2025-10-15T18:12:23Z,2025-10-15T21:11:23Z,resolved,0.0,3.0,,,,,,
,,,627,missing_hierarchy,tickets,POLEMAILMEDIUM,email,medium,,,TKT000626,AGT008,standard,account_access,,2025-10-16T05:36:18Z,2025-10-16T06:20:18Z,2025-10-17T02:57:18Z,resolved,1.0,,,,,,,
,,,781,invalid_hierarchy,tickets,POLCHATLOW,chat,low,,,TKT000780,AGT001,premium,technical_support,payment_failed,2025-10-20T04:47:49Z,2025-10-20T05:11:49Z,2026-02-24T14:07:49Z,closed,0.0,3.0,,,,,,
,,,792,completed_missing_fields,tickets,POLPHONEMEDIUM,phone,medium,,,TKT000791,AGT004,standard,account_access,password_reset,2025-10-20T06:31:09Z,2025-10-20T06:35:09Z,,resolved,0.0,,,,,,,
,,,859,missing_hierarchy,tickets,POLEMAILLOW,email,low,,,TKT000858,AGT010,standard,technical_support,,2025-10-21T10:51:17Z,2025-10-21T11:22:17Z,2025-10-23T12:22:17Z,resolved,0.0,,,,,,,
,,,896,missing_hierarchy,tickets,POLEMAILMEDIUM,email,medium,,,TKT000895,AGT010,premium,,,2025-10-22T09:51:50Z,2025-10-22T10:26:50Z,2025-10-23T03:49:50Z,closed,0.0,,,,,,,
,,,1035,completed_missing_fields,tickets,POLCHATLOW,chat,low,,,TKT001034,AGT013,vip,billing,payment_failed,2025-10-26T04:59:30Z,2025-10-26T05:07:30Z,,resolved,0.0,,,,,,,
,,,1066,completed_missing_fields,tickets,POLWEBMEDIUM,web,medium,,,TKT001065,AGT015,premium,billing,invoice,2025-10-27T03:04:34Z,2025-10-27T05:01:34Z,,resolved,0.0,3.0,,,,,,
,,,1124,missing_hierarchy,tickets,POLEMAILMEDIUM,email,medium,,,TKT001123,AGT004,premium,account_access,,2025-10-28T03:13:52Z,2025-10-28T05:32:52Z,2025-10-28T05:40:52Z,resolved,0.0,3.0,,,,,,
,,,1221,missing_hierarchy,tickets,POLEMAILMEDIUM,email,medium,,,TKT001220,AGT003,premium,billing,,2025-10-29T13:31:37Z,2025-10-29T18:18:37Z,2025-10-29T22:16:37Z,closed,0.0,3.0,,,,,,
,,,1235,missing_hierarchy,tickets,POLEMAILMEDIUM,email,medium,,,TKT001234,AGT008,standard,,,2025-10-30T02:06:32Z,2025-10-30T04:14:32Z,2025-10-30T05:13:32Z,resolved,0.0,3.0,,,,,,
,,,1376,completed_missing_fields,tickets,POLEMAILLOW,email,low,,,TKT001375,AGT003,premium,service_request,cancellation,2025-11-02T07:07:38Z,2025-11-02T08:19:38Z,,resolved,0.0,,,,,,,
,,,1468,missing_hierarchy,tickets,POLWEBLOW,web,low,,,TKT001467,AGT002,standard,service_request,,2025-11-04T06:31:01Z,2025-11-04T07:10:01Z,2025-11-04T13:55:01Z,resolved,0.0,,,,,,,
,,,1529,invalid_hierarchy,tickets,POLCHATHIGH,chat,high,,,TKT001528,AGT001,premium,technical_support,payment_failed,2025-11-05T03:40:46Z,2025-11-05T03:44:46Z,2026-05-22T18:46:46Z,resolved,0.0,5.0,,,,,,
,,,1532,completed_missing_fields,tickets,POLCHATHIGH,chat,high,,,TKT001531,AGT008,standard,technical_support,performance,2025-11-05T03:57:40Z,2025-11-05T04:00:40Z,,closed,0.0,5.0,,,,,,
,,,1540,invalid_hierarchy,tickets,POLPHONEMEDIUM,phone,medium,,,TKT001539,AGT016,standard,technical_support,payment_failed,2025-11-05T05:22:14Z,2025-11-05T05:25:14Z,2025-11-05T07:30:14Z,resolved,0.0,,,,,,,
,,,1613,invalid_hierarchy,tickets,POLCHATMEDIUM,chat,medium,,,TKT001612,AGT008,standard,technical_support,payment_failed,2025-11-07T02:53:59Z,2025-11-07T02:56:59Z,2025-11-08T04:20:59Z,closed,0.0,,,,,,,
,,,1819,completed_missing_fields,tickets,POLEMAILHIGH,email,high,,,TKT001818,AGT002,premium,account_access,password_reset,2025-11-12T02:24:45Z,2025-11-12T02:58:45Z,,closed,0.0,,,,,,,
,,,2008,missing_hierarchy,tickets,POLPHONEMEDIUM,phone,medium,,,TKT002007,AGT011,standard,technical_support,,2025-11-17T04:55:28Z,2025-11-17T05:00:28Z,2025-11-17T12:16:28Z,resolved,0.0,5.0,,,,,,
,,,2107,completed_missing_fields,tickets,POLCHATMEDIUM,chat,medium,,,TKT002106,AGT009,standard,technical_support,performance,2025-11-19T04:52:59Z,2025-11-19T05:00:59Z,,resolved,0.0,,,,,,,
,,,2114,missing_hierarchy,tickets,POLEMAILMEDIUM,email,medium,,,TKT002113,AGT005,premium,,,2025-11-19T07:16:23Z,2025-11-19T08:31:23Z,2025-11-19T09:26:23Z,closed,0.0,,,,,,,
,,,2190,completed_missing_fields,tickets,POLPHONEURGENT,phone,urgent,,,TKT002189,AGT013,premium,billing,subscription,2025-11-21T01:57:59Z,2025-11-21T01:58:59Z,,resolved,0.0,,,,,,,
,,,2268,completed_missing_fields,tickets,POLEMAILMEDIUM,email,medium,,,TKT002267,AGT014,standard,billing,refund,2025-11-23T05:07:35Z,2025-11-23T07:45:35Z,,resolved,0.0,5.0,,,,,,
,,,2367,missing_hierarchy,tickets,POLEMAILMEDIUM,email,medium,,,TKT002366,AGT008,premium,,,2025-11-25T04:36:56Z,2025-11-25T05:28:56Z,2025-11-25T10:26:56Z,resolved,0.0,5.0,,,,,,
,,,2556,response_order,tickets,POLWEBHIGH,web,high,,,TKT002555,AGT018,standard,billing,subscription,2025-11-29T08:51:06Z,2025-11-29T08:50:06Z,2025-11-30T04:24:06Z,resolved,0.0,,,,,,,
,,,2748,invalid_hierarchy,tickets,POLCHATHIGH,chat,high,,,TKT002747,AGT010,vip,technical_support,payment_failed,2025-12-04T05:39:34Z,2025-12-04T05:40:34Z,2025-12-04T07:26:34Z,resolved,0.0,5.0,,,,,,
,,,2772,invalid_hierarchy,tickets,POLWEBLOW,web,low,,,TKT002771,AGT014,vip,technical_support,payment_failed,2025-12-04T12:51:42Z,2025-12-04T14:23:42Z,2025-12-04T16:19:42Z,closed,0.0,,,,,,,
,,,2928,invalid_hierarchy,tickets,POLWEBHIGH,web,high,,,TKT002927,AGT008,standard,technical_support,payment_failed,2025-12-09T02:29:46Z,2025-12-09T03:01:46Z,2025-12-10T20:37:46Z,resolved,0.0,,,,,,,
,,,3124,missing_hierarchy,tickets,POLPHONEMEDIUM,phone,medium,,,TKT003123,AGT010,standard,,,2025-12-14T02:27:53Z,2025-12-14T02:30:53Z,2025-12-14T11:32:53Z,closed,0.0,,,,,,,
,,,3181,invalid_hierarchy,tickets,POLEMAILMEDIUM,email,medium,,,TKT003180,AGT002,premium,technical_support,payment_failed,2025-12-15T13:00:19Z,2025-12-15T13:10:19Z,2025-12-16T16:55:19Z,resolved,2.0,4.0,,,,,,
,,,3196,completed_missing_fields,tickets,POLCHATHIGH,chat,high,,,TKT003195,AGT002,standard,product_service_inquiry,feature_question,2025-12-16T04:14:39Z,2025-12-16T04:23:39Z,,resolved,1.0,,,,,,,
,,,3275,invalid_hierarchy,tickets,POLCHATMEDIUM,chat,medium,,,TKT003274,AGT009,premium,technical_support,payment_failed,2025-12-18T08:20:19Z,2025-12-18T08:21:19Z,2025-12-19T00:19:19Z,resolved,0.0,5.0,,,,,,
,,,3304,missing_hierarchy,tickets,POLCHATMEDIUM,chat,medium,,,TKT003303,AGT010,premium,technical_support,,2025-12-19T02:51:50Z,2025-12-19T03:07:50Z,2025-12-20T20:26:50Z,resolved,0.0,,,,,,,
,,,3354,unknown_owner,tickets,POLCHATMEDIUM,chat,medium,,,TKT003353,AGT999,standard,technical_support,login_authentication,2025-12-21T05:46:57Z,2025-12-21T05:52:57Z,2025-12-22T06:04:57Z,resolved,0.0,3.0,,,,,,
,,,3381,response_order,tickets,POLWEBMEDIUM,web,medium,,,TKT003380,AGT013,standard,billing,payment_failed,2025-12-22T03:43:11Z,2025-12-22T03:42:11Z,2025-12-23T04:56:11Z,resolved,0.0,,,,,,,
,,,3460,completed_missing_fields,tickets,POLEMAILMEDIUM,email,medium,,,TKT003459,AGT002,standard,service_request,cancellation,2025-12-23T08:40:51Z,2025-12-23T09:06:51Z,,resolved,0.0,4.0,,,,,,
,,,3464,invalid_hierarchy,tickets,POLEMAILMEDIUM,email,medium,,,TKT003463,AGT018,standard,technical_support,payment_failed,2025-12-23T09:51:29Z,2025-12-23T11:25:29Z,2025-12-23T16:56:29Z,resolved,0.0,4.0,,,,,,
,,,3589,unknown_owner,tickets,POLCHATMEDIUM,chat,medium,,,TKT003588,AGT999,standard,billing,subscription,2025-12-26T05:48:20Z,2025-12-26T06:03:20Z,2025-12-27T03:04:20Z,resolved,0.0,,,,,,,
,,,3699,completed_missing_fields,tickets,POLWEBHIGH,web,high,,,TKT003698,AGT013,standard,technical_support,bug_error,2025-12-29T10:06:40Z,2025-12-29T11:43:40Z,,resolved,0.0,4.0,,,,,,
,,,3714,completed_missing_fields,tickets,POLWEBHIGH,web,high,,,TKT003713,AGT002,standard,billing,subscription,2025-12-30T01:55:36Z,2025-12-30T04:58:36Z,,closed,1.0,,,,,,,
,,,3870,response_order,tickets,POLEMAILMEDIUM,email,medium,,,TKT003869,AGT015,standard,account_access,password_reset,2026-01-02T02:12:52Z,2026-01-02T02:11:52Z,2026-01-02T21:15:52Z,resolved,2.0,,,,,,,
,,,4003,completed_missing_fields,tickets,POLPHONEMEDIUM,phone,medium,,,TKT004002,AGT003,standard,technical_support,bug_error,2026-01-05T09:37:26Z,2026-01-05T09:47:26Z,,resolved,0.0,,,,,,,
,,,4105,response_order,tickets,POLEMAILLOW,email,low,,,TKT004104,AGT002,standard,product_service_inquiry,pricing,2026-01-07T14:13:10Z,2026-01-07T14:12:10Z,2026-01-07T14:41:10Z,resolved,0.0,3.0,,,,,,
,,,4149,missing_hierarchy,tickets,POLEMAILHIGH,email,high,,,TKT004148,AGT003,standard,product_service_inquiry,,2026-01-08T09:19:43Z,2026-01-08T09:45:43Z,2026-01-08T11:32:43Z,resolved,0.0,,,,,,,
,,,4519,invalid_hierarchy,tickets,POLCHATHIGH,chat,high,,,TKT004518,AGT014,vip,technical_support,payment_failed,2026-01-19T02:00:55Z,2026-01-19T02:01:55Z,2026-01-19T03:35:55Z,resolved,0.0,,,,,,,
,,,4542,invalid_hierarchy,tickets,POLEMAILMEDIUM,email,medium,,,TKT004541,AGT018,standard,technical_support,payment_failed,2026-01-19T05:54:51Z,2026-01-19T07:29:51Z,2026-01-19T08:04:51Z,resolved,0.0,3.0,,,,,,
,,,4657,missing_hierarchy,tickets,POLWEBMEDIUM,web,medium,,,TKT004656,AGT010,premium,,,2026-01-22T03:43:11Z,2026-01-22T04:54:11Z,2026-01-22T19:15:11Z,closed,0.0,4.0,,,,,,
,,,4699,missing_hierarchy,tickets,POLCHATMEDIUM,chat,medium,,,TKT004698,AGT013,standard,account_access,,2026-01-22T23:11:46Z,2026-01-22T23:17:46Z,2026-01-23T17:04:46Z,resolved,1.0,,,,,,,
,,,4716,missing_hierarchy,tickets,POLWEBHIGH,web,high,,,TKT004715,AGT001,standard,product_service_inquiry,,2026-01-23T04:49:37Z,2026-01-23T05:30:37Z,2026-01-23T05:31:37Z,resolved,0.0,4.0,,,,,,
,,,4766,invalid_hierarchy,tickets,POLPHONEMEDIUM,phone,medium,,,TKT004765,AGT017,standard,technical_support,payment_failed,2026-01-24T15:22:20Z,2026-01-24T15:24:20Z,2026-05-02T18:35:20Z,resolved,0.0,2.0,,,,,,
,,,4856,completed_missing_fields,tickets,POLWEBHIGH,web,high,,,TKT004855,AGT013,standard,account_access,account_locked,2026-01-27T02:40:07Z,2026-01-27T05:12:07Z,,resolved,0.0,4.0,,,,,,
,,,4887,response_order,tickets,POLPHONEHIGH,phone,high,,,TKT004886,AGT018,premium,account_access,password_reset,2026-01-27T05:55:49Z,2026-01-27T05:54:49Z,2026-01-27T06:16:49Z,resolved,0.0,5.0,,,,,,
,,,5047,missing_hierarchy,tickets,POLPHONELOW,phone,low,,,TKT005046,AGT003,standard,account_access,,2026-01-30T05:27:22Z,2026-01-30T05:32:22Z,2026-01-30T23:33:22Z,resolved,0.0,,,,,,,
,,,5136,missing_hierarchy,tickets,POLEMAILHIGH,email,high,,,TKT005135,AGT005,standard,product_service_inquiry,,2026-02-02T04:04:20Z,2026-02-02T05:32:20Z,2026-02-02T11:15:20Z,closed,0.0,3.0,,,,,,
,,,5169,response_order,tickets,POLPHONEMEDIUM,phone,medium,,,TKT005168,AGT007,standard,technical_support,performance,2026-02-03T02:35:12Z,2026-02-03T02:34:12Z,2026-02-04T03:45:12Z,resolved,0.0,,,,,,,
,,,5173,missing_hierarchy,tickets,POLPHONEHIGH,phone,high,,,TKT005172,AGT015,standard,account_access,,2026-02-03T02:47:34Z,2026-02-03T02:50:34Z,2026-02-03T04:27:34Z,resolved,0.0,,,,,,,
,,,5246,completed_missing_fields,tickets,POLPHONEMEDIUM,phone,medium,,,TKT005245,AGT015,premium,billing,refund,2026-02-04T08:35:39Z,2026-02-04T08:39:39Z,,resolved,0.0,,,,,,,
,,,5312,invalid_hierarchy,tickets,POLEMAILLOW,email,low,,,TKT005311,AGT005,premium,technical_support,payment_failed,2026-02-06T03:28:40Z,2026-02-06T04:40:40Z,2026-02-06T05:58:40Z,resolved,0.0,,,,,,,
,,,5343,invalid_hierarchy,tickets,POLWEBMEDIUM,web,medium,,,TKT005342,AGT004,standard,technical_support,payment_failed,2026-02-06T13:40:51Z,2026-02-06T15:00:51Z,2026-02-06T15:01:51Z,resolved,0.0,,,,,,,
,,,5391,missing_hierarchy,tickets,POLPHONEHIGH,phone,high,,,TKT005390,AGT017,premium,,,2026-02-08T07:20:24Z,2026-02-08T07:21:24Z,2026-02-08T07:35:24Z,closed,0.0,,,,,,,
,,,5480,missing_hierarchy,tickets,POLEMAILMEDIUM,email,medium,,,TKT005479,AGT017,standard,,,2026-02-10T03:38:43Z,2026-02-10T04:16:43Z,2026-02-10T04:52:43Z,closed,0.0,3.0,,,,,,
,,,5795,invalid_hierarchy,tickets,POLWEBLOW,web,low,,,TKT005794,AGT005,standard,technical_support,payment_failed,2026-02-18T03:57:16Z,2026-02-18T04:47:16Z,2026-02-19T00:39:16Z,resolved,0.0,3.0,,,,,,
,,,5879,unknown_owner,tickets,POLCHATMEDIUM,chat,medium,,,TKT005878,AGT999,standard,product_service_inquiry,availability,2026-02-19T10:19:57Z,2026-02-19T10:22:57Z,2026-02-19T10:54:57Z,resolved,0.0,4.0,,,,,,
,,,5887,unknown_owner,tickets,POLCHATMEDIUM,chat,medium,,,TKT005886,AGT999,standard,technical_support,performance,2026-02-19T15:57:18Z,2026-02-19T16:44:18Z,2026-02-21T14:48:18Z,resolved,0.0,4.0,,,,,,
,,,5890,missing_hierarchy,tickets,POLEMAILMEDIUM,email,medium,,,TKT005889,AGT018,standard,,,2026-02-20T00:55:11Z,2026-02-20T02:01:11Z,2026-02-20T04:30:11Z,resolved,0.0,4.0,,,,,,
,,,5892,invalid_hierarchy,tickets,POLEMAILLOW,email,low,,,TKT005891,AGT017,standard,technical_support,payment_failed,2026-02-20T02:42:48Z,2026-02-20T03:56:48Z,2026-02-20T23:21:48Z,resolved,0.0,5.0,,,,,,
,,,5896,completed_missing_fields,tickets,POLCHATHIGH,chat,high,,,TKT005895,AGT001,standard,account_access,verification,2026-02-20T03:23:00Z,2026-02-20T03:39:00Z,,resolved,0.0,5.0,,,,,,
,,,5902,missing_hierarchy,tickets,POLEMAILMEDIUM,email,medium,,,TKT005901,AGT001,premium,,,2026-02-20T04:43:57Z,2026-02-20T05:07:57Z,2026-02-20T09:22:57Z,resolved,0.0,,,,,,,
,,,5906,missing_hierarchy,tickets,POLPHONEURGENT,phone,urgent,,,TKT005905,AGT013,standard,,,2026-02-20T05:28:20Z,2026-02-20T05:30:20Z,2026-02-20T07:05:20Z,resolved,0.0,,,,,,,
,,,5979,missing_hierarchy,tickets,POLPHONEMEDIUM,phone,medium,,,TKT005978,AGT008,premium,technical_support,,2026-02-23T00:45:37Z,2026-02-23T00:48:37Z,2026-02-24T23:32:37Z,resolved,1.0,3.0,,,,,,
,,,6001,invalid_hierarchy,tickets,POLPHONEMEDIUM,phone,medium,,,TKT006000,AGT003,standard,technical_support,payment_failed,2026-02-23T06:44:00Z,2026-02-23T06:46:00Z,2026-02-23T10:16:00Z,resolved,0.0,,,,,,,
,,,6084,invalid_hierarchy,tickets,POLCHATLOW,chat,low,,,TKT006083,AGT017,standard,technical_support,payment_failed,2026-02-25T04:16:11Z,2026-02-25T04:27:11Z,2026-02-25T09:02:11Z,resolved,0.0,,,,,,,
,,,6108,unknown_owner,tickets,POLPHONEMEDIUM,phone,medium,,,TKT006107,AGT999,vip,technical_support,bug_error,2026-02-25T08:09:42Z,2026-02-25T08:11:42Z,,pending,0.0,,,,,,,
,,,6115,response_order,tickets,POLPHONEURGENT,phone,urgent,,,TKT006114,AGT017,standard,account_access,profile,2026-02-25T09:21:09Z,2026-02-25T09:20:09Z,2026-02-26T07:01:09Z,resolved,0.0,,,,,,,
,,,6287,unknown_owner,tickets,POLEMAILMEDIUM,email,medium,,,TKT006286,AGT999,standard,account_access,verification,2026-03-02T07:11:31Z,2026-03-02T07:37:31Z,2026-03-02T12:20:31Z,resolved,0.0,5.0,,,,,,
,,,6437,missing_hierarchy,tickets,POLEMAILMEDIUM,email,medium,,,TKT006436,AGT003,standard,,,2026-03-05T04:32:45Z,2026-03-05T07:19:45Z,2026-03-05T07:21:45Z,closed,0.0,4.0,,,,,,
,,,6478,invalid_hierarchy,tickets,POLEMAILHIGH,email,high,,,TKT006477,AGT010,standard,technical_support,payment_failed,2026-03-05T23:44:23Z,2026-03-06T00:51:23Z,2026-03-07T00:52:23Z,resolved,0.0,,,,,,,
,,,6499,missing_hierarchy,tickets,POLEMAILHIGH,email,high,,,TKT006498,AGT015,standard,,,2026-03-06T04:12:50Z,2026-03-06T05:06:50Z,2026-03-06T05:12:50Z,resolved,0.0,5.0,,,,,,
,,,6619,response_order,tickets,POLPHONEMEDIUM,phone,medium,,,TKT006618,AGT017,standard,billing,subscription,2026-03-09T04:56:19Z,2026-03-09T04:55:19Z,2026-03-09T09:57:19Z,resolved,0.0,3.0,,,,,,
,,,6654,completed_missing_fields,tickets,POLWEBMEDIUM,web,medium,,,TKT006653,AGT002,standard,technical_support,integration,2026-03-10T02:29:13Z,2026-03-10T06:23:13Z,,resolved,0.0,5.0,,,,,,
,,,7068,invalid_hierarchy,tickets,POLEMAILLOW,email,low,,,TKT007067,AGT005,premium,technical_support,payment_failed,2026-03-19T00:24:54Z,2026-03-19T00:53:54Z,2026-09-26T15:40:54Z,resolved,0.0,3.0,,,,,,
,,,7300,response_order,tickets,POLPHONELOW,phone,low,,,TKT007299,AGT018,standard,billing,payment_failed,2026-03-25T05:23:24Z,2026-03-25T05:22:24Z,2026-03-25T07:21:24Z,resolved,0.0,,,,,,,
,,,7373,missing_hierarchy,tickets,POLPHONEMEDIUM,phone,medium,,,TKT007372,AGT014,premium,billing,,2026-03-27T04:21:18Z,2026-03-27T04:42:18Z,2026-03-27T06:36:18Z,closed,0.0,,,,,,,
,,,7413,invalid_hierarchy,tickets,POLWEBHIGH,web,high,,,TKT007412,AGT004,premium,technical_support,payment_failed,2026-03-29T02:00:11Z,2026-03-29T03:41:11Z,2026-03-29T06:05:11Z,resolved,0.0,,,,,,,
,,,7495,completed_missing_fields,tickets,POLCHATLOW,chat,low,,,TKT007494,AGT013,premium,account_access,password_reset,2026-03-31T03:39:49Z,2026-03-31T03:46:49Z,,resolved,0.0,4.0,,,,,,
,,,7496,invalid_hierarchy,tickets,POLPHONEMEDIUM,phone,medium,,,TKT007495,AGT013,standard,technical_support,payment_failed,2026-03-31T03:52:34Z,2026-03-31T04:13:34Z,2026-03-31T17:20:34Z,resolved,0.0,,,,,,,
,,,7661,invalid_hierarchy,tickets,POLPHONEMEDIUM,phone,medium,,,TKT007660,AGT003,standard,technical_support,payment_failed,2026-04-03T04:13:47Z,2026-04-03T04:16:47Z,2026-04-03T15:20:47Z,resolved,0.0,5.0,,,,,,
,,,7797,missing_hierarchy,tickets,POLPHONEHIGH,phone,high,,,TKT007796,AGT016,vip,billing,,2026-04-07T03:49:39Z,2026-04-07T03:55:39Z,2026-04-07T06:01:39Z,closed,0.0,,,,,,,
,,,7817,invalid_hierarchy,tickets,POLPHONEMEDIUM,phone,medium,,,TKT007816,AGT018,premium,technical_support,payment_failed,2026-04-07T08:33:36Z,2026-04-07T08:40:36Z,2026-04-08T06:30:36Z,closed,0.0,,,,,,,
,,,7924,invalid_hierarchy,tickets,POLEMAILMEDIUM,email,medium,,,TKT007923,AGT001,standard,technical_support,payment_failed,2026-04-10T04:11:03Z,2026-04-10T05:01:03Z,2026-04-10T21:24:03Z,resolved,0.0,,,,,,,
,,,7941,missing_hierarchy,tickets,POLCHATHIGH,chat,high,,,TKT007940,AGT001,standard,,,2026-04-10T10:25:25Z,2026-04-10T10:37:25Z,2026-04-10T18:25:25Z,closed,0.0,3.0,,,,,,
,,,8001,missing_hierarchy,tickets,POLCHATMEDIUM,chat,medium,,,TKT008000,AGT007,standard,,,2026-04-12T23:37:14Z,2026-04-12T23:47:14Z,2026-04-13T16:39:14Z,closed,0.0,3.0,,,,,,
,,,8056,response_order,tickets,POLCHATMEDIUM,chat,medium,,,TKT008055,AGT011,standard,technical_support,bug_error,2026-04-14T04:36:21Z,2026-04-14T04:35:21Z,2026-04-15T04:41:21Z,closed,0.0,4.0,,,,,,
,,,8085,invalid_hierarchy,tickets,POLCHATMEDIUM,chat,medium,,,TKT008084,AGT003,premium,technical_support,payment_failed,2026-04-15T02:22:03Z,2026-04-15T02:29:03Z,2026-04-15T03:18:03Z,resolved,0.0,,,,,,,
,,,8108,completed_missing_fields,tickets,POLEMAILURGENT,email,urgent,,,TKT008107,AGT006,standard,service_request,upgrade,2026-04-15T08:41:33Z,2026-04-15T08:51:33Z,,resolved,0.0,5.0,,,,,,
,,,8190,invalid_hierarchy,tickets,POLPHONEMEDIUM,phone,medium,,,TKT008189,AGT014,standard,technical_support,payment_failed,2026-04-17T04:55:44Z,2026-04-17T05:20:44Z,,pending,0.0,,,,,,,
,,,8200,missing_hierarchy,tickets,POLPHONEHIGH,phone,high,,,TKT008199,AGT001,premium,service_request,,2026-04-17T08:55:36Z,2026-04-17T09:00:36Z,2026-04-17T15:56:36Z,resolved,0.0,,,,,,,
,,,8337,missing_hierarchy,tickets,POLCHATMEDIUM,chat,medium,,,TKT008336,AGT015,standard,,,2026-04-21T05:37:46Z,2026-04-21T05:42:46Z,2026-04-21T06:11:46Z,resolved,0.0,,,,,,,
,,,8453,missing_hierarchy,tickets,POLPHONEMEDIUM,phone,medium,,,TKT008452,AGT003,vip,,,2026-04-23T13:26:50Z,2026-04-23T13:28:50Z,2026-04-23T14:46:50Z,closed,0.0,,,,,,,
,,,8458,response_order,tickets,POLEMAILMEDIUM,email,medium,,,TKT008457,AGT014,standard,billing,payment_failed,2026-04-24T00:21:18Z,2026-04-24T00:20:18Z,2026-04-24T02:01:18Z,resolved,0.0,,,,,,,
,,,8484,missing_hierarchy,tickets,POLWEBHIGH,web,high,,,TKT008483,AGT011,vip,technical_support,,2026-04-24T08:21:18Z,2026-04-24T09:51:18Z,2026-04-24T17:15:18Z,resolved,1.0,,,,,,,
,,,8597,missing_hierarchy,tickets,POLEMAILMEDIUM,email,medium,,,TKT008596,AGT017,standard,,,2026-04-27T23:48:49Z,2026-04-28T01:32:49Z,2026-04-28T02:55:49Z,resolved,0.0,3.0,,,,,,
,,,8655,invalid_hierarchy,tickets,POLWEBMEDIUM,web,medium,,,TKT008654,AGT018,standard,technical_support,payment_failed,2026-04-29T02:44:00Z,2026-04-29T03:14:00Z,2026-04-29T05:20:00Z,resolved,0.0,3.0,,,,,,
,,,8660,missing_hierarchy,tickets,POLEMAILLOW,email,low,,,TKT008659,AGT004,standard,service_request,,2026-04-29T03:15:58Z,2026-04-29T06:12:58Z,2026-08-22T07:57:58Z,closed,0.0,,,,,,,
,,,8698,invalid_hierarchy,tickets,POLPHONELOW,phone,low,,,TKT008697,AGT016,standard,technical_support,payment_failed,2026-04-29T14:44:02Z,2026-04-29T15:16:02Z,2026-04-29T16:11:02Z,resolved,0.0,,,,,,,
,,,8750,completed_missing_fields,tickets,POLCHATMEDIUM,chat,medium,,,TKT008749,AGT016,standard,account_access,password_reset,2026-04-30T13:17:05Z,2026-04-30T13:32:05Z,,resolved,0.0,4.0,,,,,,
,,,8769,response_order,tickets,POLPHONEMEDIUM,phone,medium,,,TKT008768,AGT007,premium,technical_support,performance,2026-05-01T03:36:48Z,2026-05-01T03:35:48Z,2026-05-02T01:33:48Z,resolved,1.0,5.0,,,,,,
,,,8821,unknown_owner,tickets,POLCHATMEDIUM,chat,medium,,,TKT008820,AGT999,vip,billing,invoice,2026-05-02T04:17:18Z,2026-05-02T04:22:18Z,2026-05-02T08:23:18Z,closed,0.0,5.0,,,,,,
,,,8946,completed_missing_fields,tickets,POLCHATMEDIUM,chat,medium,,,TKT008945,AGT017,standard,account_access,password_reset,2026-05-05T07:52:51Z,2026-05-05T07:58:51Z,,closed,0.0,5.0,,,,,,
,,,8979,missing_hierarchy,tickets,POLWEBMEDIUM,web,medium,,,TKT008978,AGT006,vip,,,2026-05-06T03:51:38Z,2026-05-06T05:26:38Z,2026-05-06T05:34:38Z,resolved,0.0,3.0,,,,,,
,,,9019,invalid_hierarchy,tickets,POLCHATHIGH,chat,high,,,TKT009018,AGT009,standard,technical_support,payment_failed,2026-05-06T23:26:24Z,2026-05-06T23:30:24Z,2026-05-07T00:21:24Z,resolved,0.0,5.0,,,,,,
,,,9021,invalid_hierarchy,tickets,POLCHATHIGH,chat,high,,,TKT009020,AGT014,premium,technical_support,payment_failed,2026-05-07T00:05:19Z,2026-05-07T00:10:19Z,2026-05-07T05:23:19Z,resolved,0.0,3.0,,,,,,
,,,9025,unknown_owner,tickets,POLPHONEHIGH,phone,high,,,TKT009024,AGT999,premium,billing,payment_failed,2026-05-07T02:32:05Z,2026-05-07T02:33:05Z,,open,0.0,,,,,,,
,,,9032,invalid_hierarchy,tickets,POLWEBLOW,web,low,,,TKT009031,AGT011,standard,technical_support,payment_failed,2026-05-07T03:30:11Z,2026-05-07T04:44:11Z,2026-05-08T10:49:11Z,closed,1.0,4.0,,,,,,
,,,9084,missing_hierarchy,tickets,POLEMAILMEDIUM,email,medium,,,TKT009083,AGT016,vip,,,2026-05-08T04:53:24Z,2026-05-08T05:11:24Z,2026-05-08T09:33:24Z,resolved,0.0,5.0,,,,,,
,,,9090,missing_hierarchy,tickets,POLEMAILMEDIUM,email,medium,,,TKT009089,AGT004,premium,,,2026-05-08T07:13:22Z,2026-05-08T08:13:22Z,,open,0.0,,,,,,,
,,,9156,invalid_hierarchy,tickets,POLPHONEMEDIUM,phone,medium,,,TKT009155,AGT006,standard,technical_support,payment_failed,2026-05-10T05:15:22Z,2026-05-10T05:26:22Z,2026-05-11T15:47:22Z,resolved,0.0,2.0,,,,,,
,,,9245,response_order,tickets,POLCHATURGENT,chat,urgent,,,TKT009244,AGT015,premium,billing,payment_failed,2026-05-12T04:06:40Z,2026-05-12T04:05:40Z,2026-05-12T04:27:40Z,closed,0.0,4.0,,,,,,
,,,9336,completed_missing_fields,tickets,POLWEBMEDIUM,web,medium,,,TKT009335,AGT013,vip,billing,payment_failed,2026-05-13T09:56:31Z,2026-05-13T11:21:31Z,,resolved,0.0,,,,,,,
,,,9356,missing_hierarchy,tickets,POLEMAILMEDIUM,email,medium,,,TKT009355,AGT008,premium,technical_support,,2026-05-14T02:59:48Z,2026-05-14T03:35:48Z,2026-05-14T04:54:48Z,resolved,0.0,5.0,,,,,,
,,,9365,unknown_owner,tickets,POLCHATMEDIUM,chat,medium,,,TKT009364,AGT999,premium,billing,refund,2026-05-14T04:09:19Z,2026-05-14T04:15:19Z,2026-05-14T12:36:19Z,resolved,0.0,,,,,,,
,,,9413,invalid_hierarchy,tickets,POLWEBURGENT,web,urgent,,,TKT009412,AGT006,standard,technical_support,payment_failed,2026-05-15T04:55:30Z,2026-05-15T05:33:30Z,2026-05-15T17:38:30Z,resolved,0.0,3.0,,,,,,
,,,9536,invalid_hierarchy,tickets,POLWEBMEDIUM,web,medium,,,TKT009535,AGT013,standard,technical_support,payment_failed,2026-05-19T01:07:52Z,2026-05-19T01:46:52Z,2026-05-19T02:44:52Z,closed,0.0,,,,,,,
,,,9618,invalid_hierarchy,tickets,POLCHATHIGH,chat,high,,,TKT009617,AGT009,premium,technical_support,payment_failed,2026-05-20T06:27:48Z,2026-05-20T06:38:48Z,2026-05-21T05:10:48Z,resolved,0.0,,,,,,,
,,,9623,missing_hierarchy,tickets,POLPHONEMEDIUM,phone,medium,,,TKT009622,AGT006,standard,,,2026-05-20T07:13:59Z,2026-05-20T07:18:59Z,2026-05-20T10:43:59Z,closed,0.0,,,,,,,
,,,9745,missing_hierarchy,tickets,POLWEBURGENT,web,urgent,,,TKT009744,AGT005,standard,account_access,,2026-05-24T02:03:04Z,2026-05-24T02:17:04Z,2026-05-24T02:59:04Z,resolved,0.0,5.0,,,,,,
,,,9804,completed_missing_fields,tickets,POLEMAILHIGH,email,high,,,TKT009803,AGT011,standard,technical_support,integration,2026-05-25T10:37:44Z,2026-05-25T11:55:44Z,,resolved,0.0,3.0,,,,,,
,,,9805,invalid_hierarchy,tickets,POLEMAILLOW,email,low,,,TKT009804,AGT016,standard,technical_support,payment_failed,2026-05-25T11:14:06Z,2026-05-25T23:42:06Z,2026-05-26T13:26:06Z,resolved,0.0,5.0,,,,,,
,,,9809,response_order,tickets,POLCHATMEDIUM,chat,medium,,,TKT009808,AGT004,premium,technical_support,performance,2026-05-25T21:25:21Z,2026-05-25T21:24:21Z,2026-05-27T06:00:21Z,closed,0.0,5.0,,,,,,
,,,10014,missing_hierarchy,tickets,POLEMAILMEDIUM,email,medium,,,TKT010013,AGT016,standard,,,2026-05-29T17:52:27Z,2026-05-29T22:01:27Z,2026-05-29T22:23:27Z,resolved,0.0,4.0,,,,,,
,,,10117,missing_hierarchy,tickets,POLEMAILMEDIUM,email,medium,,,TKT010116,AGT008,standard,,,2026-06-02T03:09:59Z,2026-06-02T07:43:59Z,2026-06-02T17:57:59Z,resolved,1.0,,,,,,,
,,,10135,completed_missing_fields,tickets,POLCHATLOW,chat,low,,,TKT010134,AGT005,standard,service_request,configuration,2026-06-02T08:17:58Z,2026-06-02T08:19:58Z,,closed,0.0,5.0,,,,,,
,,,10175,invalid_hierarchy,tickets,POLWEBHIGH,web,high,,,TKT010174,AGT016,standard,technical_support,payment_failed,2026-06-03T03:55:20Z,2026-06-03T07:04:20Z,2026-06-03T07:05:20Z,resolved,0.0,4.0,,,,,,
,,,10190,completed_missing_fields,tickets,POLPHONEHIGH,phone,high,,,TKT010189,AGT017,standard,account_access,profile,2026-06-03T05:56:28Z,2026-06-03T05:58:28Z,,resolved,0.0,,,,,,,
,,,10215,missing_hierarchy,tickets,POLCHATMEDIUM,chat,medium,,,TKT010214,AGT009,premium,technical_support,,2026-06-04T01:37:55Z,2026-06-04T01:47:55Z,2026-06-05T01:53:55Z,closed,0.0,2.0,,,,,,
,,,10401,invalid_hierarchy,tickets,POLPHONEMEDIUM,phone,medium,,,TKT010400,AGT006,standard,technical_support,payment_failed,2026-06-08T23:59:22Z,2026-06-09T00:02:22Z,2026-09-03T22:57:22Z,closed,0.0,,,,,,,
,,,10501,completed_missing_fields,tickets,POLEMAILMEDIUM,email,medium,,,TKT010500,AGT008,vip,technical_support,performance,2026-06-10T07:54:11Z,2026-06-10T08:54:11Z,,resolved,0.0,,,,,,,
,,,10540,invalid_hierarchy,tickets,POLEMAILMEDIUM,email,medium,,,TKT010539,AGT008,standard,technical_support,payment_failed,2026-06-11T08:24:18Z,2026-06-11T08:49:18Z,,open,0.0,,,,,,,
,,,10620,missing_hierarchy,tickets,POLPHONEHIGH,phone,high,,,TKT010619,AGT007,vip,billing,,2026-06-14T03:49:25Z,2026-06-14T04:01:25Z,,open,0.0,,,,,,,
,,,10980,response_order,tickets,POLCHATMEDIUM,chat,medium,,,TKT010979,AGT001,premium,technical_support,performance,2026-06-23T07:39:52Z,2026-06-23T07:38:52Z,2026-06-23T10:08:52Z,resolved,0.0,4.0,,,,,,
,,,11157,invalid_hierarchy,tickets,POLEMAILMEDIUM,email,medium,,,TKT011156,AGT018,vip,technical_support,payment_failed,2026-06-28T08:36:35Z,2026-06-28T10:03:35Z,2026-06-28T15:49:35Z,resolved,1.0,4.0,,,,,,
,,,11353,missing_hierarchy,tickets,POLEMAILMEDIUM,email,medium,,,TKT011352,AGT005,standard,,,2026-07-02T10:09:26Z,2026-07-02T11:08:26Z,2026-07-02T11:10:26Z,closed,0.0,5.0,,,,,,
,,,11537,invalid_hierarchy,tickets,POLCHATLOW,chat,low,,,TKT011536,AGT014,premium,technical_support,payment_failed,2026-07-07T15:58:17Z,2026-07-07T16:05:17Z,2026-07-07T16:32:17Z,resolved,0.0,,,,,,,
,,,11539,response_order,tickets,POLCHATMEDIUM,chat,medium,,,TKT011538,AGT009,standard,technical_support,performance,2026-07-08T01:41:43Z,2026-07-08T01:40:43Z,,pending,0.0,,,,,,,
,,,11951,missing_hierarchy,tickets,POLEMAILMEDIUM,email,medium,,,TKT011950,AGT010,standard,,,2026-07-17T12:04:05Z,2026-07-17T12:59:05Z,2026-07-17T19:51:05Z,resolved,0.0,5.0,,,,,,
,,,11960,invalid_hierarchy,tickets,POLEMAILMEDIUM,email,medium,,,TKT011959,AGT005,standard,technical_support,payment_failed,2026-07-18T03:57:35Z,2026-07-18T04:34:35Z,2026-07-18T19:59:35Z,closed,0.0,4.0,,,,,,
,,,12013,unknown_owner,tickets,POLCHATHIGH,chat,high,,,TKT012012,AGT999,standard,billing,refund,2026-07-19T23:58:18Z,2026-07-20T00:01:18Z,2026-07-20T04:43:18Z,resolved,0.0,,,,,,,
,,,12071,invalid_hierarchy,tickets,POLEMAILURGENT,email,urgent,,,TKT012070,AGT003,standard,technical_support,payment_failed,2026-07-21T04:01:50Z,2026-07-21T04:06:50Z,2026-07-21T04:54:50Z,resolved,0.0,5.0,,,,,,
,,,12266,response_order,tickets,POLEMAILHIGH,email,high,,,TKT012265,AGT004,standard,service_request,upgrade,2026-07-25T10:57:55Z,2026-07-25T10:56:55Z,2026-07-25T21:03:55Z,closed,0.0,,,,,,,
,,,12393,missing_hierarchy,tickets,POLPHONEMEDIUM,phone,medium,,,TKT012392,AGT016,premium,account_access,,2026-07-29T02:22:52Z,2026-07-29T02:24:52Z,2026-07-29T05:19:52Z,closed,0.0,,,,,,,
,,,12424,completed_missing_fields,tickets,POLEMAILMEDIUM,email,medium,,,TKT012423,AGT002,premium,service_request,cancellation,2026-07-29T11:14:26Z,2026-07-29T13:47:26Z,,resolved,0.0,3.0,,,,,,
,,,12428,response_order,tickets,POLWEBHIGH,web,high,,,TKT012427,AGT005,premium,account_access,password_reset,2026-07-29T12:48:55Z,2026-07-29T12:47:55Z,2026-07-29T14:14:55Z,resolved,0.0,5.0,,,,,,
,,,12445,completed_missing_fields,tickets,POLPHONEHIGH,phone,high,,,TKT012444,AGT013,standard,billing,payment_failed,2026-07-30T03:19:37Z,2026-07-30T03:22:37Z,,resolved,0.0,,,,,,,
,,,12480,unknown_owner,tickets,POLEMAILHIGH,email,high,,,TKT012479,AGT999,standard,technical_support,integration,2026-07-30T10:41:34Z,2026-07-30T11:52:34Z,2026-08-01T01:25:34Z,resolved,0.0,,,,,,,
,,,12514,missing_hierarchy,tickets,POLEMAILLOW,email,low,,,TKT012513,AGT016,premium,billing,,2026-07-31T07:04:36Z,2026-07-31T09:04:36Z,2026-08-01T17:40:36Z,resolved,1.0,,,,,,,
,,,12529,unknown_owner,tickets,POLCHATMEDIUM,chat,medium,,,TKT012528,AGT999,standard,account_access,verification,2026-07-31T11:24:18Z,2026-07-31T11:27:18Z,2026-07-31T15:36:18Z,resolved,0.0,5.0,,,,,,
,,,12559,response_order,tickets,POLEMAILMEDIUM,email,medium,,,TKT012558,AGT003,vip,billing,payment_failed,2026-08-01T14:59:00Z,2026-08-01T14:58:00Z,2026-08-01T18:08:00Z,resolved,1.0,3.0,,,,,,
,,,12589,response_order,tickets,POLWEBHIGH,web,high,,,TKT012588,AGT002,premium,billing,payment_failed,2026-08-03T00:36:51Z,2026-08-03T00:35:51Z,2026-08-03T02:53:51Z,resolved,0.0,,,,,,,
,,,12690,invalid_hierarchy,tickets,POLEMAILMEDIUM,email,medium,,,TKT012689,AGT012,premium,technical_support,payment_failed,2026-08-05T07:02:53Z,2026-08-05T07:29:53Z,2026-08-06T16:45:53Z,resolved,1.0,4.0,,,,,,
,,,12781,missing_hierarchy,tickets,POLPHONEHIGH,phone,high,,,TKT012780,AGT001,standard,,,2026-08-07T08:11:39Z,2026-08-07T08:22:39Z,2026-08-07T11:32:39Z,resolved,0.0,,,,,,,
,,,13007,response_order,tickets,POLWEBLOW,web,low,,,TKT013006,AGT002,standard,billing,invoice,2026-08-13T03:24:10Z,2026-08-13T03:23:10Z,2026-08-13T07:03:10Z,resolved,0.0,,,,,,,
,,,13008,missing_hierarchy,tickets,POLEMAILMEDIUM,email,medium,,,TKT013007,AGT013,premium,,,2026-08-13T03:35:02Z,2026-08-13T05:31:02Z,2026-08-13T05:34:02Z,resolved,0.0,3.0,,,,,,
,,,13027,unknown_owner,tickets,POLWEBLOW,web,low,,,TKT013026,AGT999,premium,product_service_inquiry,feature_question,2026-08-13T08:06:12Z,2026-08-13T15:03:12Z,2026-08-13T15:04:12Z,resolved,0.0,,,,,,,
,,,13128,missing_hierarchy,tickets,POLEMAILMEDIUM,email,medium,,,TKT013127,AGT017,standard,billing,,2026-08-16T01:27:25Z,2026-08-16T02:47:25Z,2026-08-16T06:09:25Z,closed,0.0,,,,,,,
,,,13157,invalid_hierarchy,tickets,POLCHATMEDIUM,chat,medium,,,TKT013156,AGT017,standard,technical_support,payment_failed,2026-08-17T03:17:21Z,2026-08-17T03:34:21Z,2026-08-17T05:00:21Z,resolved,0.0,,,,,,,
,,,13285,invalid_hierarchy,tickets,POLPHONEHIGH,phone,high,,,TKT013284,AGT017,standard,technical_support,payment_failed,2026-08-19T06:33:00Z,2026-08-19T06:35:00Z,2026-08-19T08:00:00Z,resolved,0.0,5.0,,,,,,
,,,13293,invalid_hierarchy,tickets,POLCHATHIGH,chat,high,,,TKT013292,AGT007,vip,technical_support,payment_failed,2026-08-19T07:35:39Z,2026-08-19T07:42:39Z,2026-08-19T15:36:39Z,resolved,1.0,3.0,,,,,,
,,,13338,missing_hierarchy,tickets,POLCHATMEDIUM,chat,medium,,,TKT013337,AGT018,standard,product_service_inquiry,,2026-08-20T08:09:45Z,2026-08-20T08:13:45Z,2026-08-20T08:33:45Z,closed,0.0,,,,,,,
,,,13452,invalid_hierarchy,tickets,POLCHATMEDIUM,chat,medium,,,TKT013451,AGT007,standard,technical_support,payment_failed,2026-08-24T02:25:35Z,2026-08-24T02:47:35Z,2026-08-24T13:29:35Z,resolved,2.0,4.0,,,,,,
,,,13482,completed_missing_fields,tickets,POLEMAILMEDIUM,email,medium,,,TKT013481,AGT002,standard,product_service_inquiry,pricing,2026-08-24T07:58:44Z,2026-08-24T09:00:44Z,,resolved,1.0,5.0,,,,,,
,,,13578,invalid_hierarchy,tickets,POLPHONEHIGH,phone,high,,,TKT013577,AGT014,standard,technical_support,payment_failed,2026-08-26T08:15:33Z,2026-08-26T08:17:33Z,,open,0.0,,,,,,,
,,,13666,missing_hierarchy,tickets,POLEMAILMEDIUM,email,medium,,,TKT013665,AGT014,standard,,,2026-08-28T13:02:30Z,2026-08-28T13:46:30Z,2026-08-29T03:53:30Z,resolved,1.0,,,,,,,
,,,13709,invalid_hierarchy,tickets,POLWEBMEDIUM,web,medium,,,TKT013708,AGT001,standard,technical_support,payment_failed,2026-08-30T08:44:45Z,2026-08-30T10:43:45Z,,open,0.0,,,,,,,
,,,13742,invalid_hierarchy,tickets,POLPHONEMEDIUM,phone,medium,,,TKT013741,AGT012,standard,technical_support,payment_failed,2026-08-31T03:35:57Z,2026-08-31T03:45:57Z,2026-08-31T16:41:57Z,resolved,0.0,3.0,,,,,,
,,,13904,response_order,tickets,POLEMAILLOW,email,low,,,TKT013903,AGT012,vip,technical_support,bug_error,2026-09-03T10:39:05Z,2026-09-03T10:38:05Z,,open,0.0,,,,,,,
,,,13909,completed_missing_fields,tickets,POLPHONELOW,phone,low,,,TKT013908,AGT001,standard,product_service_inquiry,feature_question,2026-09-03T12:15:14Z,2026-09-03T12:53:14Z,,resolved,0.0,,,,,,,
,,,14075,completed_missing_fields,tickets,POLCHATMEDIUM,chat,medium,,,TKT014074,AGT017,standard,billing,subscription,2026-09-08T04:44:59Z,2026-09-08T05:05:59Z,,resolved,0.0,,,,,,,
,,,14218,missing_hierarchy,tickets,POLWEBURGENT,web,urgent,,,TKT014217,AGT013,premium,,,2026-09-11T02:54:45Z,2026-09-11T03:33:45Z,2026-09-11T23:19:45Z,resolved,0.0,4.0,,,,,,
,,,14260,unknown_owner,tickets,POLEMAILMEDIUM,email,medium,,,TKT014259,AGT999,standard,billing,payment_failed,2026-09-12T02:15:50Z,2026-09-12T02:33:50Z,,pending,0.0,,,,,,,
,,,14293,completed_missing_fields,tickets,POLWEBMEDIUM,web,medium,,,TKT014292,AGT003,standard,service_request,configuration,2026-09-13T05:21:01Z,2026-09-13T09:39:01Z,,resolved,0.0,,,,,,,
,,,14320,invalid_hierarchy,tickets,POLCHATMEDIUM,chat,medium,,,TKT014319,AGT015,vip,technical_support,payment_failed,2026-09-14T02:56:18Z,2026-09-14T02:59:18Z,2026-09-14T06:57:18Z,closed,0.0,4.0,,,,,,
,,,14509,invalid_hierarchy,tickets,POLWEBLOW,web,low,,,TKT014508,AGT011,vip,technical_support,payment_failed,2026-09-18T07:31:46Z,2026-09-18T10:36:46Z,2026-09-19T10:12:46Z,resolved,0.0,5.0,,,,,,
,,,14539,invalid_hierarchy,tickets,POLPHONEHIGH,phone,high,,,TKT014538,AGT006,standard,technical_support,payment_failed,2026-09-19T08:54:23Z,2026-09-19T08:57:23Z,2026-09-19T16:40:23Z,resolved,0.0,,,,,,,
,,,14574,invalid_hierarchy,tickets,POLEMAILHIGH,email,high,,,TKT014573,AGT017,standard,technical_support,payment_failed,2026-09-21T04:05:41Z,2026-09-21T04:38:41Z,2026-09-21T09:22:41Z,resolved,0.0,,,,,,,
,,,14584,missing_hierarchy,tickets,POLWEBMEDIUM,web,medium,,,TKT014583,AGT016,premium,billing,,2026-09-21T07:19:54Z,2026-09-21T10:08:54Z,2026-09-21T15:31:54Z,closed,0.0,,,,,,,
,,,14685,response_order,tickets,POLWEBMEDIUM,web,medium,,,TKT014684,AGT002,premium,product_service_inquiry,pricing,2026-09-23T13:09:03Z,2026-09-23T13:08:03Z,2026-09-23T16:13:03Z,closed,0.0,5.0,,,,,,
,,,14719,completed_missing_fields,tickets,POLWEBMEDIUM,web,medium,,,TKT014718,AGT001,premium,service_request,configuration,2026-09-24T06:59:32Z,2026-09-24T14:18:32Z,,resolved,0.0,,,,,,,
,,,14795,completed_missing_fields,tickets,POLEMAILLOW,email,low,,,TKT014794,AGT018,standard,account_access,verification,2026-09-26T06:28:16Z,2026-09-26T07:44:16Z,,closed,0.0,,,,,,,
,,,14924,missing_hierarchy,tickets,POLPHONEMEDIUM,phone,medium,,,TKT014923,AGT002,standard,service_request,,2026-09-29T05:59:24Z,2026-09-29T06:02:24Z,2026-09-29T08:24:24Z,closed,0.0,4.0,,,,,,
AGT007,,,14,unknown_ticket,ticket_work_logs,,,,,,TKT000012,,,,,,,,,,,WL0000013,2025-10-01,39.0,,,
AGT009,,,94,unknown_ticket,ticket_work_logs,,,,,,TKT000075,,,,,,,,,,,WL0000093,2025-10-02,42.0,,,
AGT009,,,199,unknown_ticket,ticket_work_logs,,,,,,TKT000161,,,,,,,,,,,WL0000198,2025-10-04,225.0,,,
AGT007,,,221,unknown_ticket,ticket_work_logs,,,,,,TKT000183,,,,,,,,,,,WL0000220,2025-10-05,56.0,,,
AGT011,,,222,unknown_ticket,ticket_work_logs,,,,,,TKT000183,,,,,,,,,,,WL0000221,2025-10-05,63.0,,,
AGT010,,,401,unknown_ticket,ticket_work_logs,,,,,,TKT000330,,,,,,,,,,,WL0000400,2025-10-08,307.0,,,
AGT013,,,418,missing_workforce,ticket_work_logs,,,,,,TKT000342,,,,,,,,,,,WL0000417,2025-10-09,26.0,,,
AGT013,,,426,missing_workforce,ticket_work_logs,,,,,,TKT000350,,,,,,,,,,,WL0000425,2025-10-09,36.0,,,
AGT013,,,435,missing_workforce,ticket_work_logs,,,,,,TKT000356,,,,,,,,,,,WL0000434,2025-10-09,60.0,,,
AGT013,,,438,missing_workforce,ticket_work_logs,,,,,,TKT000359,,,,,,,,,,,WL0000437,2025-10-09,44.0,,,
AGT013,,,441,missing_workforce,ticket_work_logs,,,,,,TKT000361,,,,,,,,,,,WL0000440,2025-10-09,62.0,,,
AGT013,,,450,missing_workforce,ticket_work_logs,,,,,,TKT000369,,,,,,,,,,,WL0000449,2025-10-09,68.0,,,
AGT013,,,451,missing_workforce,ticket_work_logs,,,,,,TKT000370,,,,,,,,,,,WL0000450,2025-10-09,13.0,,,
AGT013,,,453,missing_workforce,ticket_work_logs,,,,,,TKT000371,,,,,,,,,,,WL0000452,2025-10-09,30.0,,,
AGT013,,,457,missing_workforce,ticket_work_logs,,,,,,TKT000374,,,,,,,,,,,WL0000456,2025-10-09,63.0,,,
AGT013,,,465,missing_workforce,ticket_work_logs,,,,,,TKT000381,,,,,,,,,,,WL0000464,2025-10-09,44.0,,,
AGT007,,,623,unknown_ticket,ticket_work_logs,,,,,,TKT000508,,,,,,,,,,,WL0000622,2025-10-13,76.0,,,
AGT007,,,677,unknown_ticket,ticket_work_logs,,,,,,TKT000551,,,,,,,,,,,WL0000676,2025-10-14,136.0,,,
AGT005,,,685,missing_workforce,ticket_work_logs,,,,,,TKT000557,,,,,,,,,,,WL0000684,2025-10-15,57.0,,,
AGT015,,,689,unknown_ticket,ticket_work_logs,,,,,,TKT000560,,,,,,,,,,,WL0000688,2025-10-15,24.0,,,
AGT005,,,700,missing_workforce,ticket_work_logs,,,,,,TKT000567,,,,,,,,,,,WL0000699,2025-10-15,82.0,,,
AGT005,,,702,missing_workforce,ticket_work_logs,,,,,,TKT000569,,,,,,,,,,,WL0000701,2025-10-15,68.0,,,
AGT005,,,710,missing_workforce,ticket_work_logs,,,,,,TKT000577,,,,,,,,,,,WL0000709,2025-10-15,52.0,,,
AGT005,,,721,missing_workforce,ticket_work_logs,,,,,,TKT000586,,,,,,,,,,,WL0000720,2025-10-15,12.0,,,
AGT014,,,728,unknown_ticket,ticket_work_logs,,,,,,TKT000593,,,,,,,,,,,WL0000727,2025-10-15,4.0,,,
AGT015,,,729,unknown_ticket,ticket_work_logs,,,,,,TKT000593,,,,,,,,,,,WL0000728,2025-10-15,135.0,,,
AGT005,,,732,missing_workforce,ticket_work_logs,,,,,,TKT000596,,,,,,,,,,,WL0000731,2025-10-15,91.0,,,
AGT001,,,738,unknown_ticket,ticket_work_logs,,,,,,TKT000600,,,,,,,,,,,WL0000737,2025-10-15,40.0,,,
AGT014,,,739,unknown_ticket,ticket_work_logs,,,,,,TKT000600,,,,,,,,,,,WL0000738,2025-10-15,116.0,,,
AGT005,,,742,missing_workforce,ticket_work_logs,,,,,,TKT000602,,,,,,,,,,,WL0000741,2025-10-15,28.0,,,
AGT008,,,770,unknown_ticket,ticket_work_logs,,,,,,TKT000626,,,,,,,,,,,WL0000769,2025-10-16,82.0,,,
AGT010,,,797,missing_workforce,ticket_work_logs,,,,,,TKT000650,,,,,,,,,,,WL0000796,2025-10-17,41.0,,,
AGT010,,,809,missing_workforce,ticket_work_logs,,,,,,TKT000660,,,,,,,,,,,WL0000808,2025-10-17,177.0,,,
AGT010,,,810,missing_workforce,ticket_work_logs,,,,,,TKT000661,,,,,,,,,,,WL0000809,2025-10-17,116.0,,,
AGT010,,,813,missing_workforce,ticket_work_logs,,,,,,TKT000663,,,,,,,,,,,WL0000812,2025-10-17,32.0,,,
AGT010,,,814,missing_workforce,ticket_work_logs,,,,,,TKT000664,,,,,,,,,,,WL0000813,2025-10-17,75.0,,,
AGT010,,,819,missing_workforce,ticket_work_logs,,,,,,TKT000667,,,,,,,,,,,WL0000818,2025-10-17,39.0,,,
AGT001,,,953,unknown_ticket,ticket_work_logs,,,,,,TKT000780,,,,,,,,,,,WL0000952,2025-10-20,28.0,,,
AGT004,,,966,unknown_ticket,ticket_work_logs,,,,,,TKT000791,,,,,,,,,,,WL0000965,2025-10-20,16.0,,,
AGT010,,,1043,unknown_ticket,ticket_work_logs,,,,,,TKT000858,,,,,,,,,,,WL0001042,2025-10-21,55.0,,,
AGT008,,,1087,unknown_ticket,ticket_work_logs,,,,,,TKT000895,,,,,,,,,,,WL0001086,2025-10-22,89.0,,,
AGT010,,,1088,unknown_ticket,ticket_work_logs,,,,,,TKT000895,,,,,,,,,,,WL0001087,2025-10-22,165.0,,,
AGT013,,,1267,unknown_ticket,ticket_work_logs,,,,,,TKT001034,,,,,,,,,,,WL0001266,2025-10-26,30.0,,,
AGT010,,,1294,missing_workforce,ticket_work_logs,,,,,,TKT001059,,,,,,,,,,,WL0001293,2025-10-27,36.0,,,
AGT010,,,1298,missing_workforce,ticket_work_logs,,,,,,TKT001062,,,,,,,,,,,WL0001297,2025-10-27,117.0,,,
AGT015,,,1301,unknown_ticket,ticket_work_logs,,,,,,TKT001065,,,,,,,,,,,WL0001300,2025-10-27,75.0,,,
AGT010,,,1309,missing_workforce,ticket_work_logs,,,,,,TKT001071,,,,,,,,,,,WL0001308,2025-10-27,92.0,,,
AGT010,,,1312,missing_workforce,ticket_work_logs,,,,,,TKT001074,,,,,,,,,,,WL0001311,2025-10-27,49.0,,,
AGT010,,,1332,missing_workforce,ticket_work_logs,,,,,,TKT001091,,,,,,,,,,,WL0001331,2025-10-27,83.0,,,
AGT010,,,1336,missing_workforce,ticket_work_logs,,,,,,TKT001094,,,,,,,,,,,WL0001335,2025-10-27,40.0,,,
AGT010,,,1342,missing_workforce,ticket_work_logs,,,,,,TKT001099,,,,,,,,,,,WL0001341,2025-10-27,25.0,,,
AGT010,,,1350,missing_workforce,ticket_work_logs,,,,,,TKT001104,,,,,,,,,,,WL0001349,2025-10-27,38.0,,,
AGT001,,,1371,unknown_ticket,ticket_work_logs,,,,,,TKT001123,,,,,,,,,,,WL0001370,2025-10-28,10.0,,,
AGT004,,,1372,unknown_ticket,ticket_work_logs,,,,,,TKT001123,,,,,,,,,,,WL0001371,2025-10-28,16.0,,,
AGT003,,,1494,unknown_ticket,ticket_work_logs,,,,,,TKT001220,,,,,,,,,,,WL0001493,2025-10-29,65.0,,,
AGT008,,,1509,unknown_ticket,ticket_work_logs,,,,,,TKT001234,,,,,,,,,,,WL0001508,2025-10-30,105.0,,,
AGT003,,,1691,unknown_ticket,ticket_work_logs,,,,,,TKT001375,,,,,,,,,,,WL0001690,2025-11-02,30.0,,,
AGT002,,,1801,unknown_ticket,ticket_work_logs,,,,,,TKT001467,,,,,,,,,,,WL0001800,2025-11-04,91.0,,,
AGT001,,,1877,unknown_ticket,ticket_work_logs,,,,,,TKT001528,,,,,,,,,,,WL0001876,2025-11-05,52.0,,,
AGT008,,,1880,unknown_ticket,ticket_work_logs,,,,,,TKT001531,,,,,,,,,,,WL0001879,2025-11-05,34.0,,,
AGT016,,,1891,unknown_ticket,ticket_work_logs,,,,,,TKT001539,,,,,,,,,,,WL0001890,2025-11-05,64.0,,,
AGT008,,,1981,unknown_ticket,ticket_work_logs,,,,,,TKT001612,,,,,,,,,,,WL0001980,2025-11-07,241.0,,,
AGT002,,,2235,unknown_ticket,ticket_work_logs,,,,,,TKT001818,,,,,,,,,,,WL0002234,2025-11-12,29.0,,,
AGT011,,,2468,unknown_ticket,ticket_work_logs,,,,,,TKT002007,,,,,,,,,,,WL0002467,2025-11-17,96.0,,,
AGT009,,,2595,unknown_ticket,ticket_work_logs,,,,,,TKT002106,,,,,,,,,,,WL0002594,2025-11-19,35.0,,,
AGT005,,,2603,unknown_ticket,ticket_work_logs,,,,,,TKT002113,,,,,,,,,,,WL0002602,2025-11-19,22.0,,,
AGT013,,,2696,unknown_ticket,ticket_work_logs,,,,,,TKT002189,,,,,,,,,,,WL0002695,2025-11-21,118.0,,,
AGT014,,,2791,unknown_ticket,ticket_work_logs,,,,,,TKT002267,,,,,,,,,,,WL0002790,2025-11-23,45.0,,,
AGT008,,,2912,unknown_ticket,ticket_work_logs,,,,,,TKT002366,,,,,,,,,,,WL0002911,2025-11-25,131.0,,,
AGT011,,,2913,unknown_ticket,ticket_work_logs,,,,,,TKT002366,,,,,,,,,,,WL0002912,2025-11-25,72.0,,,
AGT018,,,2976,unknown_ticket,ticket_work_logs,,,,,,TKT002416,,,,,,,,,,,WL0002975,2025-11-26,47.0,,,
AGT018,,,3151,unknown_ticket,ticket_work_logs,,,,,,TKT002555,,,,,,,,,,,WL0003150,2025-11-29,107.0,,,
AGT010,,,3384,unknown_ticket,ticket_work_logs,,,,,,TKT002747,,,,,,,,,,,WL0003383,2025-12-04,45.0,,,
AGT014,,,3417,unknown_ticket,ticket_work_logs,,,,,,TKT002771,,,,,,,,,,,WL0003416,2025-12-04,38.0,,,
AGT011,,,3499,unknown_ticket,ticket_work_logs,,,,,,TKT002835,,,,,,,,,,,WL0003498,2025-12-06,34.0,,,
AGT012,,,3500,unknown_ticket,ticket_work_logs,,,,,,TKT002835,,,,,,,,,,,WL0003499,2025-12-06,63.0,,,
AGT008,,,3619,unknown_ticket,ticket_work_logs,,,,,,TKT002927,,,,,,,,,,,WL0003618,2025-12-09,136.0,,,
AGT010,,,3855,unknown_ticket,ticket_work_logs,,,,,,TKT003123,,,,,,,,,,,WL0003854,2025-12-14,88.0,,,
AGT002,,,3918,unknown_ticket,ticket_work_logs,,,,,,TKT003180,,,,,,,,,,,WL0003917,2025-12-15,156.0,,,
AGT002,,,3936,unknown_ticket,ticket_work_logs,,,,,,TKT003195,,,,,,,,,,,WL0003935,2025-12-16,71.0,,,
AGT003,,,3937,unknown_ticket,ticket_work_logs,,,,,,TKT003195,,,,,,,,,,,WL0003936,2025-12-16,39.0,,,
AGT005,,,4006,missing_workforce,ticket_work_logs,,,,,,TKT003253,,,,,,,,,,,WL0004005,2025-12-18,61.0,,,
AGT005,,,4007,missing_workforce,ticket_work_logs,,,,,,TKT003254,,,,,,,,,,,WL0004006,2025-12-18,48.0,,,
AGT005,,,4020,missing_workforce,ticket_work_logs,,,,,,TKT003265,,,,,,,,,,,WL0004019,2025-12-18,54.0,,,
AGT009,,,4030,unknown_ticket,ticket_work_logs,,,,,,TKT003274,,,,,,,,,,,WL0004029,2025-12-18,74.0,,,
AGT005,,,4032,missing_workforce,ticket_work_logs,,,,,,TKT003276,,,,,,,,,,,WL0004031,2025-12-18,23.0,,,
AGT005,,,4036,missing_workforce,ticket_work_logs,,,,,,TKT003280,,,,,,,,,,,WL0004035,2025-12-18,132.0,,,
AGT007,,,4065,unknown_ticket,ticket_work_logs,,,,,,TKT003303,,,,,,,,,,,WL0004064,2025-12-19,63.0,,,
AGT010,,,4066,unknown_ticket,ticket_work_logs,,,,,,TKT003303,,,,,,,,,,,WL0004065,2025-12-19,117.0,,,
AGT011,,,4122,unknown_ticket,ticket_work_logs,,,,,,TKT003353,,,,,,,,,,,WL0004121,2025-12-21,50.0,,,
AGT013,,,4154,unknown_ticket,ticket_work_logs,,,,,,TKT003380,,,,,,,,,,,WL0004153,2025-12-22,29.0,,,
AGT014,,,4155,unknown_ticket,ticket_work_logs,,,,,,TKT003380,,,,,,,,,,,WL0004154,2025-12-22,16.0,,,
AGT002,,,4247,unknown_ticket,ticket_work_logs,,,,,,TKT003459,,,,,,,,,,,WL0004246,2025-12-23,160.0,,,
AGT018,,,4252,unknown_ticket,ticket_work_logs,,,,,,TKT003463,,,,,,,,,,,WL0004251,2025-12-23,198.0,,,
AGT013,,,4402,unknown_ticket,ticket_work_logs,,,,,,TKT003588,,,,,,,,,,,WL0004401,2025-12-26,65.0,,,
AGT013,,,4533,unknown_ticket,ticket_work_logs,,,,,,TKT003698,,,,,,,,,,,WL0004532,2025-12-29,100.0,,,
AGT015,,,4534,unknown_ticket,ticket_work_logs,,,,,,TKT003698,,,,,,,,,,,WL0004533,2025-12-29,54.0,,,
AGT002,,,4552,unknown_ticket,ticket_work_logs,,,,,,TKT003713,,,,,,,,,,,WL0004551,2025-12-30,44.0,,,
AGT015,,,4738,unknown_ticket,ticket_work_logs,,,,,,TKT003869,,,,,,,,,,,WL0004737,2026-01-02,38.0,,,
AGT003,,,4757,unknown_ticket,ticket_work_logs,,,,,,TKT003885,,,,,,,,,,,WL0004756,2026-01-02,44.0,,,
AGT018,,,4854,unknown_ticket,ticket_work_logs,,,,,,TKT003965,,,,,,,,,,,WL0004853,2026-01-05,57.0,,,
AGT003,,,4904,unknown_ticket,ticket_work_logs,,,,,,TKT004002,,,,,,,,,,,WL0004903,2026-01-05,127.0,,,
AGT002,,,5024,unknown_ticket,ticket_work_logs,,,,,,TKT004104,,,,,,,,,,,WL0005023,2026-01-07,13.0,,,
AGT005,,,5025,unknown_ticket,ticket_work_logs,,,,,,TKT004104,,,,,,,,,,,WL0005024,2026-01-07,7.0,,,
AGT003,,,5082,unknown_ticket,ticket_work_logs,,,,,,TKT004148,,,,,,,,,,,WL0005081,2026-01-08,77.0,,,
AGT003,,,5152,unknown_ticket,ticket_work_logs,,,,,,TKT004210,,,,,,,,,,,WL0005151,2026-01-10,81.0,,,
AGT008,,,5243,unknown_ticket,ticket_work_logs,,,,,,TKT004287,,,,,,,,,,,WL0005242,2026-01-12,94.0,,,
AGT010,,,5244,unknown_ticket,ticket_work_logs,,,,,,TKT004287,,,,,,,,,,,WL0005243,2026-01-12,52.0,,,
AGT017,,,5443,missing_workforce,ticket_work_logs,,,,,,TKT004446,,,,,,,,,,,WL0005442,2026-01-16,66.0,,,
AGT017,,,5447,missing_workforce,ticket_work_logs,,,,,,TKT004450,,,,,,,,,,,WL0005446,2026-01-16,53.0,,,
AGT017,,,5475,missing_workforce,ticket_work_logs,,,,,,TKT004472,,,,,,,,,,,WL0005474,2026-01-16,73.0,,,
AGT014,,,5530,unknown_ticket,ticket_work_logs,,,,,,TKT004518,,,,,,,,,,,WL0005529,2026-01-19,55.0,,,
AGT018,,,5556,unknown_ticket,ticket_work_logs,,,,,,TKT004541,,,,,,,,,,,WL0005555,2026-01-19,57.0,,,
AGT010,,,5691,unknown_ticket,ticket_work_logs,,,,,,TKT004656,,,,,,,,,,,WL0005690,2026-01-22,80.0,,,
AGT013,,,5746,unknown_ticket,ticket_work_logs,,,,,,TKT004698,,,,,,,,,,,WL0005745,2026-01-23,68.0,,,
AGT001,,,5764,unknown_ticket,ticket_work_logs,,,,,,TKT004715,,,,,,,,,,,WL0005763,2026-01-23,30.0,,,
AGT002,,,5765,unknown_ticket,ticket_work_logs,,,,,,TKT004715,,,,,,,,,,,WL0005764,2026-01-23,17.0,,,
AGT017,,,5822,unknown_ticket,ticket_work_logs,,,,,,TKT004765,,,,,,,,,,,WL0005821,2026-01-24,96.0,,,
AGT013,,,5931,unknown_ticket,ticket_work_logs,,,,,,TKT004855,,,,,,,,,,,WL0005930,2026-01-27,59.0,,,
AGT018,,,5968,unknown_ticket,ticket_work_logs,,,,,,TKT004886,,,,,,,,,,,WL0005967,2026-01-27,71.0,,,
AGT003,,,6172,unknown_ticket,ticket_work_logs,,,,,,TKT005046,,,,,,,,,,,WL0006171,2026-01-30,87.0,,,
AGT003,,,6175,unknown_ticket,ticket_work_logs,,,,,,TKT005049,,,,,,,,,,,WL0006174,2026-01-30,98.0,,,
AGT005,,,6274,unknown_ticket,ticket_work_logs,,,,,,TKT005135,,,,,,,,,,,WL0006273,2026-02-02,35.0,,,
AGT007,,,6312,unknown_ticket,ticket_work_logs,,,,,,TKT005168,,,,,,,,,,,WL0006311,2026-02-03,124.0,,,
AGT015,,,6317,unknown_ticket,ticket_work_logs,,,,,,TKT005172,,,,,,,,,,,WL0006316,2026-02-03,42.0,,,
AGT015,,,6402,unknown_ticket,ticket_work_logs,,,,,,TKT005245,,,,,,,,,,,WL0006401,2026-02-04,39.0,,,
AGT018,,,6403,unknown_ticket,ticket_work_logs,,,,,,TKT005245,,,,,,,,,,,WL0006402,2026-02-04,22.0,,,
AGT005,,,6484,unknown_ticket,ticket_work_logs,,,,,,TKT005311,,,,,,,,,,,WL0006483,2026-02-06,55.0,,,
AGT004,,,6522,unknown_ticket,ticket_work_logs,,,,,,TKT005342,,,,,,,,,,,WL0006521,2026-02-06,25.0,,,
AGT017,,,6579,unknown_ticket,ticket_work_logs,,,,,,TKT005390,,,,,,,,,,,WL0006578,2026-02-08,50.0,,,
AGT017,,,6688,unknown_ticket,ticket_work_logs,,,,,,TKT005479,,,,,,,,,,,WL0006687,2026-02-10,52.0,,,
AGT014,,,6722,unknown_ticket,ticket_work_logs,,,,,,TKT005509,,,,,,,,,,,WL0006721,2026-02-11,94.0,,,
AGT013,,,7016,missing_workforce,ticket_work_logs,,,,,,TKT005757,,,,,,,,,,,WL0007015,2026-02-17,39.0,,,
AGT013,,,7017,missing_workforce,ticket_work_logs,,,,,,TKT005758,,,,,,,,,,,WL0007016,2026-02-17,91.0,,,
AGT013,,,7038,missing_workforce,ticket_work_logs,,,,,,TKT005774,,,,,,,,,,,WL0007037,2026-02-17,96.0,,,
AGT005,,,7059,unknown_ticket,ticket_work_logs,,,,,,TKT005794,,,,,,,,,,,WL0007058,2026-02-18,125.0,,,
AGT004,,,7157,unknown_ticket,ticket_work_logs,,,,,,TKT005878,,,,,,,,,,,WL0007156,2026-02-19,34.0,,,
AGT012,,,7170,unknown_ticket,ticket_work_logs,,,,,,TKT005886,,,,,,,,,,,WL0007169,2026-02-19,285.0,,,
AGT017,,,7174,unknown_ticket,ticket_work_logs,,,,,,TKT005889,,,,,,,,,,,WL0007173,2026-02-20,35.0,,,
AGT018,,,7175,unknown_ticket,ticket_work_logs,,,,,,TKT005889,,,,,,,,,,,WL0007174,2026-02-20,63.0,,,
AGT017,,,7178,unknown_ticket,ticket_work_logs,,,,,,TKT005891,,,,,,,,,,,WL0007177,2026-02-20,64.0,,,
AGT001,,,7182,unknown_ticket,ticket_work_logs,,,,,,TKT005895,,,,,,,,,,,WL0007181,2026-02-20,53.0,,,
AGT001,,,7188,unknown_ticket,ticket_work_logs,,,,,,TKT005901,,,,,,,,,,,WL0007187,2026-02-20,44.0,,,
AGT013,,,7192,unknown_ticket,ticket_work_logs,,,,,,TKT005905,,,,,,,,,,,WL0007191,2026-02-20,21.0,,,
AGT008,,,7283,unknown_ticket,ticket_work_logs,,,,,,TKT005978,,,,,,,,,,,WL0007282,2026-02-23,159.0,,,
AGT003,,,7311,unknown_ticket,ticket_work_logs,,,,,,TKT006000,,,,,,,,,,,WL0007310,2026-02-23,142.0,,,
AGT017,,,7411,unknown_ticket,ticket_work_logs,,,,,,TKT006083,,,,,,,,,,,WL0007410,2026-02-25,41.0,,,
AGT010,,,7437,unknown_ticket,ticket_work_logs,,,,,,TKT006107,,,,,,,,,,,WL0007436,2026-02-25,256.0,,,
AGT017,,,7447,unknown_ticket,ticket_work_logs,,,,,,TKT006114,,,,,,,,,,,WL0007446,2026-02-25,33.0,,,
AGT014,,,7648,unknown_ticket,ticket_work_logs,,,,,,TKT006286,,,,,,,,,,,WL0007647,2026-03-02,29.0,,,
AGT007,,,7716,unknown_ticket,ticket_work_logs,,,,,,TKT006341,,,,,,,,,,,WL0007715,2026-03-03,114.0,,,
AGT001,,,7833,unknown_ticket,ticket_work_logs,,,,,,TKT006436,,,,,,,,,,,WL0007832,2026-03-05,3.0,,,
AGT003,,,7834,unknown_ticket,ticket_work_logs,,,,,,TKT006436,,,,,,,,,,,WL0007833,2026-03-05,49.0,,,
AGT010,,,7883,unknown_ticket,ticket_work_logs,,,,,,TKT006477,,,,,,,,,,,WL0007882,2026-03-06,97.0,,,
AGT014,,,7908,unknown_ticket,ticket_work_logs,,,,,,TKT006498,,,,,,,,,,,WL0007907,2026-03-06,16.0,,,
AGT015,,,7909,unknown_ticket,ticket_work_logs,,,,,,TKT006498,,,,,,,,,,,WL0007908,2026-03-06,29.0,,,
AGT017,,,8061,unknown_ticket,ticket_work_logs,,,,,,TKT006618,,,,,,,,,,,WL0008060,2026-03-09,144.0,,,
AGT007,,,8097,unknown_ticket,ticket_work_logs,,,,,,TKT006646,,,,,,,,,,,WL0008096,2026-03-10,118.0,,,
AGT002,,,8105,unknown_ticket,ticket_work_logs,,,,,,TKT006653,,,,,,,,,,,WL0008104,2026-03-10,174.0,,,
AGT005,,,8627,unknown_ticket,ticket_work_logs,,,,,,TKT007067,,,,,,,,,,,WL0008626,2026-03-19,86.0,,,
AGT018,,,8746,unknown_ticket,ticket_work_logs,,,,,,TKT007168,,,,,,,,,,,WL0008745,2026-03-21,48.0,,,
AGT018,,,8901,unknown_ticket,ticket_work_logs,,,,,,TKT007299,,,,,,,,,,,WL0008900,2026-03-25,87.0,,,
AGT016,,,8976,unknown_ticket,ticket_work_logs,,,,,,TKT007360,,,,,,,,,,,WL0008975,2026-03-26,15.0,,,
AGT018,,,8977,unknown_ticket,ticket_work_logs,,,,,,TKT007360,,,,,,,,,,,WL0008976,2026-03-26,9.0,,,
AGT012,,,8986,unknown_ticket,ticket_work_logs,,,,,,TKT007368,,,,,,,,,,,WL0008985,2026-03-27,215.0,,,
AGT014,,,8990,unknown_ticket,ticket_work_logs,,,,,,TKT007372,,,,,,,,,,,WL0008989,2026-03-27,41.0,,,
AGT007,,,9014,unknown_ticket,ticket_work_logs,,,,,,TKT007393,,,,,,,,,,,WL0009013,2026-03-28,105.0,,,
AGT010,,,9015,unknown_ticket,ticket_work_logs,,,,,,TKT007393,,,,,,,,,,,WL0009014,2026-03-28,57.0,,,
AGT004,,,9040,unknown_ticket,ticket_work_logs,,,,,,TKT007412,,,,,,,,,,,WL0009039,2026-03-29,68.0,,,
AGT008,,,9067,unknown_ticket,ticket_work_logs,,,,,,TKT007436,,,,,,,,,,,WL0009066,2026-03-29,55.0,,,
AGT010,,,9068,unknown_ticket,ticket_work_logs,,,,,,TKT007436,,,,,,,,,,,WL0009067,2026-03-29,100.0,,,
AGT013,,,9136,unknown_ticket,ticket_work_logs,,,,,,TKT007494,,,,,,,,,,,WL0009135,2026-03-31,32.0,,,
AGT013,,,9137,unknown_ticket,ticket_work_logs,,,,,,TKT007495,,,,,,,,,,,WL0009136,2026-03-31,87.0,,,
AGT003,,,9331,unknown_ticket,ticket_work_logs,,,,,,TKT007660,,,,,,,,,,,WL0009330,2026-04-03,50.0,,,
AGT016,,,9494,unknown_ticket,ticket_work_logs,,,,,,TKT007796,,,,,,,,,,,WL0009493,2026-04-07,35.0,,,
AGT018,,,9516,unknown_ticket,ticket_work_logs,,,,,,TKT007816,,,,,,,,,,,WL0009515,2026-04-07,57.0,,,
AGT001,,,9645,unknown_ticket,ticket_work_logs,,,,,,TKT007923,,,,,,,,,,,WL0009644,2026-04-10,98.0,,,
AGT001,,,9665,unknown_ticket,ticket_work_logs,,,,,,TKT007940,,,,,,,,,,,WL0009664,2026-04-10,71.0,,,
AGT001,,,9730,unknown_ticket,ticket_work_logs,,,,,,TKT007994,,,,,,,,,,,WL0009729,2026-04-12,75.0,,,
AGT007,,,9736,unknown_ticket,ticket_work_logs,,,,,,TKT008000,,,,,,,,,,,WL0009735,2026-04-13,184.0,,,
AGT007,,,9806,unknown_ticket,ticket_work_logs,,,,,,TKT008055,,,,,,,,,,,WL0009805,2026-04-14,82.0,,,
AGT011,,,9807,unknown_ticket,ticket_work_logs,,,,,,TKT008055,,,,,,,,,,,WL0009806,2026-04-14,152.0,,,
AGT003,,,9848,unknown_ticket,ticket_work_logs,,,,,,TKT008084,,,,,,,,,,,WL0009847,2026-04-15,19.0,,,
AGT006,,,9875,unknown_ticket,ticket_work_logs,,,,,,TKT008107,,,,,,,,,,,WL0009874,2026-04-15,175.0,,,
AGT014,,,9981,unknown_ticket,ticket_work_logs,,,,,,TKT008189,,,,,,,,,,,WL0009980,2026-04-17,59.0,,,
AGT018,,,9982,unknown_ticket,ticket_work_logs,,,,,,TKT008189,,,,,,,,,,,WL0009981,2026-04-17,33.0,,,
AGT001,,,9993,unknown_ticket,ticket_work_logs,,,,,,TKT008199,,,,,,,,,,,WL0009992,2026-04-17,73.0,,,
AGT015,,,10159,unknown_ticket,ticket_work_logs,,,,,,TKT008336,,,,,,,,,,,WL0010158,2026-04-21,23.0,,,
AGT003,,,10306,unknown_ticket,ticket_work_logs,,,,,,TKT008452,,,,,,,,,,,WL0010305,2026-04-23,44.0,,,
AGT014,,,10313,unknown_ticket,ticket_work_logs,,,,,,TKT008457,,,,,,,,,,,WL0010312,2026-04-24,53.0,,,
AGT011,,,10343,unknown_ticket,ticket_work_logs,,,,,,TKT008483,,,,,,,,,,,WL0010342,2026-04-24,201.0,,,
AGT017,,,10481,unknown_ticket,ticket_work_logs,,,,,,TKT008596,,,,,,,,,,,WL0010480,2026-04-28,25.0,,,
AGT018,,,10549,unknown_ticket,ticket_work_logs,,,,,,TKT008654,,,,,,,,,,,WL0010548,2026-04-29,25.0,,,
AGT004,,,10555,unknown_ticket,ticket_work_logs,,,,,,TKT008659,,,,,,,,,,,WL0010554,2026-04-29,42.0,,,
AGT016,,,10601,unknown_ticket,ticket_work_logs,,,,,,TKT008697,,,,,,,,,,,WL0010600,2026-04-29,59.0,,,
AGT016,,,10667,unknown_ticket,ticket_work_logs,,,,,,TKT008749,,,,,,,,,,,WL0010666,2026-04-30,68.0,,,
AGT007,,,10690,unknown_ticket,ticket_work_logs,,,,,,TKT008768,,,,,,,,,,,WL0010689,2026-05-01,55.0,,,
AGT017,,,10742,unknown_ticket,ticket_work_logs,,,,,,TKT008806,,,,,,,,,,,WL0010741,2026-05-01,12.0,,,
AGT018,,,10743,unknown_ticket,ticket_work_logs,,,,,,TKT008806,,,,,,,,,,,WL0010742,2026-05-01,60.0,,,
AGT016,,,10760,unknown_ticket,ticket_work_logs,,,,,,TKT008820,,,,,,,,,,,WL0010759,2026-05-02,34.0,,,
AGT010,,,10792,unknown_ticket,ticket_work_logs,,,,,,TKT008845,,,,,,,,,,,WL0010791,2026-05-03,49.0,,,
AGT017,,,10908,unknown_ticket,ticket_work_logs,,,,,,TKT008945,,,,,,,,,,,WL0010907,2026-05-05,28.0,,,
AGT006,,,10950,unknown_ticket,ticket_work_logs,,,,,,TKT008978,,,,,,,,,,,WL0010949,2026-05-06,64.0,,,
AGT009,,,10998,unknown_ticket,ticket_work_logs,,,,,,TKT009018,,,,,,,,,,,WL0010997,2026-05-07,91.0,,,
AGT013,,,11000,unknown_ticket,ticket_work_logs,,,,,,TKT009020,,,,,,,,,,,WL0010999,2026-05-07,68.0,,,
AGT014,,,11001,unknown_ticket,ticket_work_logs,,,,,,TKT009020,,,,,,,,,,,WL0011000,2026-05-07,124.0,,,
AGT015,,,11005,unknown_ticket,ticket_work_logs,,,,,,TKT009024,,,,,,,,,,,WL0011004,2026-05-07,56.0,,,
AGT011,,,11012,unknown_ticket,ticket_work_logs,,,,,,TKT009031,,,,,,,,,,,WL0011011,2026-05-07,113.0,,,
AGT016,,,11070,unknown_ticket,ticket_work_logs,,,,,,TKT009083,,,,,,,,,,,WL0011069,2026-05-08,45.0,,,
AGT004,,,11076,unknown_ticket,ticket_work_logs,,,,,,TKT009089,,,,,,,,,,,WL0011075,2026-05-08,66.0,,,
AGT006,,,11158,unknown_ticket,ticket_work_logs,,,,,,TKT009155,,,,,,,,,,,WL0011157,2026-05-10,113.0,,,
AGT015,,,11266,unknown_ticket,ticket_work_logs,,,,,,TKT009244,,,,,,,,,,,WL0011265,2026-05-12,36.0,,,
AGT009,,,11320,unknown_ticket,ticket_work_logs,,,,,,TKT009285,,,,,,,,,,,WL0011319,2026-05-13,73.0,,,
AGT013,,,11383,unknown_ticket,ticket_work_logs,,,,,,TKT009335,,,,,,,,,,,WL0011382,2026-05-13,3.0,,,
AGT015,,,11384,unknown_ticket,ticket_work_logs,,,,,,TKT009335,,,,,,,,,,,WL0011383,2026-05-13,28.0,,,
AGT008,,,11407,unknown_ticket,ticket_work_logs,,,,,,TKT009355,,,,,,,,,,,WL0011406,2026-05-14,92.0,,,
AGT014,,,11418,unknown_ticket,ticket_work_logs,,,,,,TKT009364,,,,,,,,,,,WL0011417,2026-05-14,82.0,,,
AGT001,,,11475,unknown_ticket,ticket_work_logs,,,,,,TKT009412,,,,,,,,,,,WL0011474,2026-05-15,51.0,,,
AGT006,,,11476,unknown_ticket,ticket_work_logs,,,,,,TKT009412,,,,,,,,,,,WL0011475,2026-05-15,92.0,,,
AGT017,,,11552,unknown_ticket,ticket_work_logs,,,,,,TKT009477,,,,,,,,,,,WL0011551,2026-05-17,62.0,,,
AGT006,,,11564,missing_workforce,ticket_work_logs,,,,,,TKT009488,,,,,,,,,,,WL0011563,2026-05-18,96.0,,,
AGT006,,,11570,missing_workforce,ticket_work_logs,,,,,,TKT009493,,,,,,,,,,,WL0011569,2026-05-18,12.0,,,
AGT006,,,11590,missing_workforce,ticket_work_logs,,,,,,TKT009510,,,,,,,,,,,WL0011589,2026-05-18,63.0,,,
AGT006,,,11605,missing_workforce,ticket_work_logs,,,,,,TKT009523,,,,,,,,,,,WL0011604,2026-05-18,64.0,,,
AGT013,,,11621,unknown_ticket,ticket_work_logs,,,,,,TKT009535,,,,,,,,,,,WL0011620,2026-05-19,43.0,,,
AGT009,,,11728,unknown_ticket,ticket_work_logs,,,,,,TKT009617,,,,,,,,,,,WL0011727,2026-05-20,223.0,,,
AGT006,,,11733,unknown_ticket,ticket_work_logs,,,,,,TKT009622,,,,,,,,,,,WL0011732,2026-05-20,119.0,,,
AGT001,,,11846,unknown_ticket,ticket_work_logs,,,,,,TKT009719,,,,,,,,,,,WL0011845,2026-05-23,170.0,,,
AGT005,,,11878,unknown_ticket,ticket_work_logs,,,,,,TKT009744,,,,,,,,,,,WL0011877,2026-05-24,66.0,,,
AGT008,,,11946,unknown_ticket,ticket_work_logs,,,,,,TKT009803,,,,,,,,,,,WL0011945,2026-05-25,41.0,,,
AGT011,,,11947,unknown_ticket,ticket_work_logs,,,,,,TKT009803,,,,,,,,,,,WL0011946,2026-05-25,76.0,,,
AGT016,,,11948,unknown_ticket,ticket_work_logs,,,,,,TKT009804,,,,,,,,,,,WL0011947,2026-05-25,80.0,,,
AGT004,,,11953,unknown_ticket,ticket_work_logs,,,,,,TKT009808,,,,,,,,,,,WL0011952,2026-05-26,118.0,,,
AGT016,,,12206,unknown_ticket,ticket_work_logs,,,,,,TKT010013,,,,,,,,,,,WL0012205,2026-05-30,97.0,,,
AGT014,,,12273,unknown_ticket,ticket_work_logs,,,,,,TKT010071,,,,,,,,,,,WL0012272,2026-06-01,87.0,,,
AGT008,,,12330,unknown_ticket,ticket_work_logs,,,,,,TKT010116,,,,,,,,,,,WL0012329,2026-06-02,74.0,,,
AGT003,,,12351,unknown_ticket,ticket_work_logs,,,,,,TKT010134,,,,,,,,,,,WL0012350,2026-06-02,42.0,,,
AGT005,,,12352,unknown_ticket,ticket_work_logs,,,,,,TKT010134,,,,,,,,,,,WL0012351,2026-06-02,77.0,,,
AGT016,,,12398,unknown_ticket,ticket_work_logs,,,,,,TKT010174,,,,,,,,,,,WL0012397,2026-06-03,75.0,,,
AGT017,,,12415,unknown_ticket,ticket_work_logs,,,,,,TKT010189,,,,,,,,,,,WL0012414,2026-06-03,37.0,,,
AGT009,,,12446,unknown_ticket,ticket_work_logs,,,,,,TKT010214,,,,,,,,,,,WL0012445,2026-06-04,268.0,,,
AGT006,,,12682,unknown_ticket,ticket_work_logs,,,,,,TKT010400,,,,,,,,,,,WL0012681,2026-06-09,80.0,,,
AGT008,,,12810,unknown_ticket,ticket_work_logs,,,,,,TKT010500,,,,,,,,,,,WL0012809,2026-06-10,71.0,,,
AGT011,,,12811,unknown_ticket,ticket_work_logs,,,,,,TKT010500,,,,,,,,,,,WL0012810,2026-06-10,39.0,,,
AGT008,,,12856,unknown_ticket,ticket_work_logs,,,,,,TKT010539,,,,,,,,,,,WL0012855,2026-06-11,165.0,,,
AGT007,,,12952,unknown_ticket,ticket_work_logs,,,,,,TKT010619,,,,,,,,,,,WL0012951,2026-06-14,113.0,,,
AGT004,,,13165,unknown_ticket,ticket_work_logs,,,,,,TKT010799,,,,,,,,,,,WL0013164,2026-06-18,63.0,,,
AGT001,,,13365,unknown_ticket,ticket_work_logs,,,,,,TKT010979,,,,,,,,,,,WL0013364,2026-06-23,45.0,,,
AGT015,,,13525,unknown_ticket,ticket_work_logs,,,,,,TKT011115,,,,,,,,,,,WL0013524,2026-06-26,131.0,,,
AGT016,,,13575,unknown_ticket,ticket_work_logs,,,,,,TKT011156,,,,,,,,,,,WL0013574,2026-06-28,27.0,,,
AGT018,,,13576,unknown_ticket,ticket_work_logs,,,,,,TKT011156,,,,,,,,,,,WL0013575,2026-06-28,49.0,,,
AGT005,,,13813,unknown_ticket,ticket_work_logs,,,,,,TKT011352,,,,,,,,,,,WL0013812,2026-07-02,31.0,,,
AGT014,,,14028,unknown_ticket,ticket_work_logs,,,,,,TKT011536,,,,,,,,,,,WL0014027,2026-07-07,36.0,,,
AGT009,,,14031,unknown_ticket,ticket_work_logs,,,,,,TKT011538,,,,,,,,,,,WL0014030,2026-07-08,162.0,,,
AGT004,,,14186,unknown_ticket,ticket_work_logs,,,,,,TKT011665,,,,,,,,,,,WL0014185,2026-07-10,3.0,,,
AGT005,,,14187,unknown_ticket,ticket_work_logs,,,,,,TKT011665,,,,,,,,,,,WL0014186,2026-07-10,69.0,,,
AGT015,,,14188,unknown_ticket,ticket_work_logs,,,,,,TKT011665,,,,,,,,,,,WL0014187,2026-07-10,3.0,,,
AGT010,,,14534,unknown_ticket,ticket_work_logs,,,,,,TKT011950,,,,,,,,,,,WL0014533,2026-07-17,65.0,,,
AGT011,,,14535,unknown_ticket,ticket_work_logs,,,,,,TKT011950,,,,,,,,,,,WL0014534,2026-07-17,35.0,,,
AGT005,,,14545,unknown_ticket,ticket_work_logs,,,,,,TKT011959,,,,,,,,,,,WL0014544,2026-07-18,129.0,,,
AGT007,,,14608,unknown_ticket,ticket_work_logs,,,,,,TKT012012,,,,,,,,,,,WL0014607,2026-07-20,92.0,,,
AGT003,,,14676,unknown_ticket,ticket_work_logs,,,,,,TKT012070,,,,,,,,,,,WL0014675,2026-07-21,46.0,,,
AGT004,,,14893,unknown_ticket,ticket_work_logs,,,,,,TKT012249,,,,,,,,,,,WL0014892,2026-07-25,34.0,,,
AGT003,,,14914,unknown_ticket,ticket_work_logs,,,,,,TKT012265,,,,,,,,,,,WL0014913,2026-07-25,57.0,,,
AGT004,,,14915,unknown_ticket,ticket_work_logs,,,,,,TKT012265,,,,,,,,,,,WL0014914,2026-07-25,105.0,,,
AGT016,,,15073,unknown_ticket,ticket_work_logs,,,,,,TKT012392,,,,,,,,,,,WL0015072,2026-07-29,67.0,,,
AGT003,,,15094,unknown_ticket,ticket_work_logs,,,,,,TKT012410,,,,,,,,,,,WL0015093,2026-07-29,45.0,,,
AGT002,,,15108,unknown_ticket,ticket_work_logs,,,,,,TKT012423,,,,,,,,,,,WL0015107,2026-07-29,46.0,,,
AGT001,,,15112,unknown_ticket,ticket_work_logs,,,,,,TKT012427,,,,,,,,,,,WL0015111,2026-07-29,9.0,,,
AGT002,,,15113,unknown_ticket,ticket_work_logs,,,,,,TKT012427,,,,,,,,,,,WL0015112,2026-07-29,8.0,,,
AGT005,,,15114,unknown_ticket,ticket_work_logs,,,,,,TKT012427,,,,,,,,,,,WL0015113,2026-07-29,30.0,,,
AGT013,,,15132,unknown_ticket,ticket_work_logs,,,,,,TKT012444,,,,,,,,,,,WL0015131,2026-07-30,69.0,,,
AGT012,,,15134,unknown_ticket,ticket_work_logs,,,,,,TKT012446,,,,,,,,,,,WL0015133,2026-07-30,106.0,,,
AGT012,,,15174,unknown_ticket,ticket_work_logs,,,,,,TKT012479,,,,,,,,,,,WL0015173,2026-07-30,137.0,,,
AGT016,,,15216,unknown_ticket,ticket_work_logs,,,,,,TKT012513,,,,,,,,,,,WL0015215,2026-07-31,88.0,,,
AGT016,,,15233,unknown_ticket,ticket_work_logs,,,,,,TKT012528,,,,,,,,,,,WL0015232,2026-07-31,73.0,,,
AGT003,,,15270,unknown_ticket,ticket_work_logs,,,,,,TKT012558,,,,,,,,,,,WL0015269,2026-08-01,92.0,,,
AGT002,,,15308,unknown_ticket,ticket_work_logs,,,,,,TKT012588,,,,,,,,,,,WL0015307,2026-08-03,61.0,,,
AGT012,,,15432,unknown_ticket,ticket_work_logs,,,,,,TKT012689,,,,,,,,,,,WL0015431,2026-08-05,201.0,,,
AGT001,,,15542,unknown_ticket,ticket_work_logs,,,,,,TKT012780,,,,,,,,,,,WL0015541,2026-08-07,185.0,,,
AGT002,,,15810,unknown_ticket,ticket_work_logs,,,,,,TKT013006,,,,,,,,,,,WL0015809,2026-08-13,32.0,,,
AGT013,,,15811,unknown_ticket,ticket_work_logs,,,,,,TKT013007,,,,,,,,,,,WL0015810,2026-08-13,43.0,,,
AGT003,,,15836,unknown_ticket,ticket_work_logs,,,,,,TKT013026,,,,,,,,,,,WL0015835,2026-08-13,19.0,,,
AGT017,,,15960,unknown_ticket,ticket_work_logs,,,,,,TKT013127,,,,,,,,,,,WL0015959,2026-08-16,78.0,,,
AGT018,,,15961,unknown_ticket,ticket_work_logs,,,,,,TKT013127,,,,,,,,,,,WL0015960,2026-08-16,43.0,,,
AGT017,,,15998,unknown_ticket,ticket_work_logs,,,,,,TKT013156,,,,,,,,,,,WL0015997,2026-08-17,48.0,,,
AGT017,,,16152,unknown_ticket,ticket_work_logs,,,,,,TKT013284,,,,,,,,,,,WL0016151,2026-08-19,37.0,,,
AGT007,,,16161,unknown_ticket,ticket_work_logs,,,,,,TKT013292,,,,,,,,,,,WL0016160,2026-08-19,44.0,,,
AGT018,,,16217,unknown_ticket,ticket_work_logs,,,,,,TKT013337,,,,,,,,,,,WL0016216,2026-08-20,53.0,,,
AGT007,,,16349,unknown_ticket,ticket_work_logs,,,,,,TKT013451,,,,,,,,,,,WL0016348,2026-08-24,127.0,,,
AGT002,,,16381,unknown_ticket,ticket_work_logs,,,,,,TKT013481,,,,,,,,,,,WL0016380,2026-08-24,38.0,,,
AGT014,,,16492,unknown_ticket,ticket_work_logs,,,,,,TKT013577,,,,,,,,,,,WL0016491,2026-08-26,68.0,,,
AGT014,,,16603,unknown_ticket,ticket_work_logs,,,,,,TKT013665,,,,,,,,,,,WL0016602,2026-08-28,116.0,,,
AGT001,,,16654,unknown_ticket,ticket_work_logs,,,,,,TKT013708,,,,,,,,,,,WL0016653,2026-08-30,228.0,,,
AGT007,,,16690,unknown_ticket,ticket_work_logs,,,,,,TKT013741,,,,,,,,,,,WL0016689,2026-08-31,46.0,,,
AGT012,,,16691,unknown_ticket,ticket_work_logs,,,,,,TKT013741,,,,,,,,,,,WL0016690,2026-08-31,84.0,,,
AGT012,,,16885,unknown_ticket,ticket_work_logs,,,,,,TKT013903,,,,,,,,,,,WL0016884,2026-09-03,113.0,,,
AGT001,,,16891,unknown_ticket,ticket_work_logs,,,,,,TKT013908,,,,,,,,,,,WL0016890,2026-09-03,120.0,,,
AGT017,,,17091,unknown_ticket,ticket_work_logs,,,,,,TKT014074,,,,,,,,,,,WL0017090,2026-09-08,49.0,,,
AGT013,,,17261,unknown_ticket,ticket_work_logs,,,,,,TKT014217,,,,,,,,,,,WL0017260,2026-09-11,62.0,,,
AGT003,,,17311,unknown_ticket,ticket_work_logs,,,,,,TKT014259,,,,,,,,,,,WL0017310,2026-09-12,47.0,,,
AGT003,,,17351,unknown_ticket,ticket_work_logs,,,,,,TKT014292,,,,,,,,,,,WL0017350,2026-09-13,66.0,,,
AGT015,,,17381,unknown_ticket,ticket_work_logs,,,,,,TKT014319,,,,,,,,,,,WL0017380,2026-09-14,26.0,,,
AGT016,,,17382,unknown_ticket,ticket_work_logs,,,,,,TKT014319,,,,,,,,,,,WL0017381,2026-09-14,14.0,,,
AGT009,,,17613,unknown_ticket,ticket_work_logs,,,,,,TKT014508,,,,,,,,,,,WL0017612,2026-09-18,78.0,,,
AGT011,,,17614,unknown_ticket,ticket_work_logs,,,,,,TKT014508,,,,,,,,,,,WL0017613,2026-09-18,149.0,,,
AGT006,,,17652,unknown_ticket,ticket_work_logs,,,,,,TKT014538,,,,,,,,,,,WL0017651,2026-09-19,137.0,,,
AGT017,,,17694,unknown_ticket,ticket_work_logs,,,,,,TKT014573,,,,,,,,,,,WL0017693,2026-09-21,110.0,,,
AGT016,,,17709,unknown_ticket,ticket_work_logs,,,,,,TKT014583,,,,,,,,,,,WL0017708,2026-09-21,115.0,,,
AGT002,,,17831,unknown_ticket,ticket_work_logs,,,,,,TKT014684,,,,,,,,,,,WL0017830,2026-09-23,29.0,,,
AGT001,,,17868,unknown_ticket,ticket_work_logs,,,,,,TKT014718,,,,,,,,,,,WL0017867,2026-09-24,171.0,,,
AGT018,,,17967,unknown_ticket,ticket_work_logs,,,,,,TKT014794,,,,,,,,,,,WL0017966,2026-09-26,22.0,,,
AGT001,,,18120,unknown_ticket,ticket_work_logs,,,,,,TKT014923,,,,,,,,,,,WL0018119,2026-09-29,35.0,,,
AGT002,,,18121,unknown_ticket,ticket_work_logs,,,,,,TKT014923,,,,,,,,,,,WL0018120,2026-09-29,65.0,,,
AGT011,,,18253,unknown_ticket;invalid_handling,ticket_work_logs,,,,,,TKT999999,,,,,,,,,,,WLD0000001,2026-04-14,-1.0,,,
AGT018,,,18254,unknown_ticket;invalid_handling,ticket_work_logs,,,,,,TKT999999,,,,,,,,,,,WLD0000002,2026-08-04,-1.0,,,
AGT002,,,18255,unknown_ticket;invalid_handling,ticket_work_logs,,,,,,TKT999999,,,,,,,,,,,WLD0000003,2026-01-07,-1.0,,,
AGT004,,,18256,unknown_ticket;invalid_handling,ticket_work_logs,,,,,,TKT999999,,,,,,,,,,,WLD0000004,2026-02-02,-1.0,,,
AGT005,,,18257,unknown_ticket;invalid_handling,ticket_work_logs,,,,,,TKT999999,,,,,,,,,,,WLD0000005,2026-06-01,-1.0,,,
AGT017,,,18258,unknown_ticket;invalid_handling,ticket_work_logs,,,,,,TKT999999,,,,,,,,,,,WLD0000006,2025-10-03,-1.0,,,
AGT016,,,18259,unknown_ticket;invalid_handling,ticket_work_logs,,,,,,TKT999999,,,,,,,,,,,WLD0000007,2026-05-10,-1.0,,,
AGT007,,,18260,unknown_ticket;invalid_handling,ticket_work_logs,,,,,,TKT999999,,,,,,,,,,,WLD0000008,2025-11-07,-1.0,,,
AGT008,,,18261,unknown_ticket;invalid_handling,ticket_work_logs,,,,,,TKT999999,,,,,,,,,,,WLD0000009,2026-08-31,-1.0,,,
AGT015,,,18262,unknown_ticket;invalid_handling,ticket_work_logs,,,,,,TKT999999,,,,,,,,,,,WLD0000010,2025-10-31,-1.0,,,
AGT018,,,18263,unknown_ticket;invalid_handling,ticket_work_logs,,,,,,TKT999999,,,,,,,,,,,WLD0000011,2026-09-14,-1.0,,,
AGT010,,,18264,unknown_ticket;invalid_handling,ticket_work_logs,,,,,,TKT999999,,,,,,,,,,,WLD0000012,2026-09-30,-1.0,,,
AGT008,,,18265,unknown_ticket;invalid_handling,ticket_work_logs,,,,,,TKT999999,,,,,,,,,,,WLD0000013,2026-09-23,-1.0,,,
AGT005,,,18266,unknown_ticket;invalid_handling,ticket_work_logs,,,,,,TKT999999,,,,,,,,,,,WLD0000014,2026-08-12,-1.0,,,
AGT010,,,18267,unknown_ticket;invalid_handling,ticket_work_logs,,,,,,TKT999999,,,,,,,,,,,WLD0000015,2026-01-29,-1.0,,,
AGT010,,,18268,unknown_ticket;invalid_handling,ticket_work_logs,,,,,,TKT999999,,,,,,,,,,,WLD0000016,2026-07-01,-1.0,,,
AGT011,,,18269,unknown_ticket;invalid_handling,ticket_work_logs,,,,,,TKT999999,,,,,,,,,,,WLD0000017,2025-12-10,-1.0,,,
AGT004,,,18270,unknown_ticket;invalid_handling,ticket_work_logs,,,,,,TKT999999,,,,,,,,,,,WLD0000018,2026-07-24,-1.0,,,
AGT017,,,18271,unknown_ticket;invalid_handling,ticket_work_logs,,,,,,TKT999999,,,,,,,,,,,WLD0000019,2026-02-21,-1.0,,,
AGT009,,,18272,unknown_ticket;invalid_handling,ticket_work_logs,,,,,,TKT999999,,,,,,,,,,,WLD0000020,2025-12-18,-1.0,,,
AGT012,,,18273,unknown_ticket;invalid_handling,ticket_work_logs,,,,,,TKT999999,,,,,,,,,,,WLD0000021,2026-03-01,-1.0,,,
AGT007,,,18274,unknown_ticket;invalid_handling,ticket_work_logs,,,,,,TKT999999,,,,,,,,,,,WLD0000022,2026-07-07,-1.0,,,
AGT005,,,18275,unknown_ticket;invalid_handling,ticket_work_logs,,,,,,TKT999999,,,,,,,,,,,WLD0000023,2026-08-13,-1.0,,,
AGT005,,,18276,unknown_ticket;invalid_handling,ticket_work_logs,,,,,,TKT999999,,,,,,,,,,,WLD0000024,2026-09-20,-1.0,,,
AGT014,,,18277,unknown_ticket;invalid_handling,ticket_work_logs,,,,,,TKT999999,,,,,,,,,,,WLD0000025,2026-07-06,-1.0,,,
AGT016,,,18278,unknown_ticket;invalid_handling,ticket_work_logs,,,,,,TKT999999,,,,,,,,,,,WLD0000026,2026-03-02,-1.0,,,
AGT012,,,18279,unknown_ticket;invalid_handling,ticket_work_logs,,,,,,TKT999999,,,,,,,,,,,WLD0000027,2026-07-04,-1.0,,,
AGT013,,,132,invalid_capacity,workforce_daily,,,,,,,,,,,,,,,,,,2025-10-09,,480.0,0.0,481.0
AGT005,,,216,invalid_capacity,workforce_daily,,,,,,,,,,,,,,,,,,2025-10-15,,480.0,0.0,481.0
AGT010,,,250,invalid_capacity,workforce_daily,,,,,,,,,,,,,,,,,,2025-10-17,,480.0,0.0,481.0
AGT010,,,400,invalid_capacity,workforce_daily,,,,,,,,,,,,,,,,,,2025-10-27,,480.0,0.0,481.0
AGT011,,,1170,invalid_capacity,workforce_daily,,,,,,,,,,,,,,,,,,2025-12-13,,480.0,0.0,481.0
AGT005,,,1250,invalid_capacity,workforce_daily,,,,,,,,,,,,,,,,,,2025-12-18,,480.0,0.0,481.0
AGT017,,,1754,invalid_capacity,workforce_daily,,,,,,,,,,,,,,,,,,2026-01-16,,480.0,0.0,481.0
AGT013,,,2294,invalid_capacity,workforce_daily,,,,,,,,,,,,,,,,,,2026-02-17,,480.0,0.0,481.0
AGT006,,,3886,invalid_capacity,workforce_daily,,,,,,,,,,,,,,,,,,2026-05-18,,450.0,0.0,451.0
