ticket_id,assigned_agent_id,policy_id,channel,priority,customer_type,category,subcategory,created_at,first_response_at,resolved_at,status,reopen_count,csat_score,_source_row,quarantine_reason
TKT000012,AGT007,POLEMAILHIGH,email,high,premium,technical_support,performance,2025-10-01T03:05:56Z,2025-10-01T03:26:56Z,2025-10-01T10:35:56Z,resolved,0,,13,conflicting_key
TKT000330,AGT010,POLEMAILHIGH,email,high,premium,technical_support,integration,2025-10-08T11:05:47Z,2025-10-08T12:58:47Z,2025-10-08T21:47:47Z,resolved,0,4.0,331,conflicting_key
TKT002416,AGT018,POLCHATMEDIUM,chat,medium,premium,billing,subscription,2025-11-26T07:26:08Z,2025-11-26T07:49:08Z,2025-11-26T20:56:08Z,closed,0,,2417,conflicting_key
TKT002835,AGT012,POLEMAILHIGH,email,high,vip,billing,subscription,2025-12-06T04:35:21Z,2025-12-06T05:00:21Z,2025-12-06T08:44:21Z,resolved,0,4.0,2836,conflicting_key
TKT003885,AGT003,POLEMAILMEDIUM,email,medium,standard,service_request,configuration,2026-01-02T04:10:01Z,2026-01-02T07:28:01Z,2026-01-02T07:29:01Z,closed,0,4.0,3886,conflicting_key
TKT003965,AGT018,POLPHONEURGENT,phone,urgent,standard,billing,payment_failed,2026-01-05T02:24:08Z,2026-01-05T02:27:08Z,2026-01-05T05:00:08Z,resolved,0,,3966,conflicting_key
TKT004210,AGT003,POLCHATHIGH,chat,high,vip,product_service_inquiry,availability,2026-01-10T02:44:04Z,2026-01-10T02:45:04Z,2026-01-10T02:56:04Z,resolved,0,4.0,4211,conflicting_key
TKT004287,AGT008,POLEMAILHIGH,email,high,vip,technical_support,login_authentication,2026-01-12T08:01:00Z,2026-01-12T08:58:00Z,2026-01-13T01:02:00Z,resolved,1,4.0,4288,conflicting_key
TKT005049,AGT003,POLEMAILMEDIUM,email,medium,standard,service_request,configuration,2026-01-30T06:16:13Z,2026-01-30T07:03:13Z,2026-01-30T18:39:13Z,closed,0,,5050,conflicting_key
TKT005509,AGT014,POLCHATHIGH,chat,high,premium,billing,refund,2026-02-10T19:20:42Z,2026-02-10T19:28:42Z,2026-02-11T17:06:42Z,closed,1,5.0,5510,conflicting_key
TKT006341,AGT007,POLEMAILMEDIUM,email,medium,premium,technical_support,bug_error,2026-03-03T07:18:06Z,2026-03-03T09:01:06Z,2026-03-03T18:12:06Z,closed,0,,6342,conflicting_key
TKT006646,AGT007,POLCHATMEDIUM,chat,medium,vip,technical_support,login_authentication,2026-03-09T23:43:13Z,2026-03-09T23:47:13Z,2026-03-12T05:53:13Z,resolved,1,3.0,6647,conflicting_key
TKT007168,AGT018,POLEMAILMEDIUM,email,medium,standard,billing,payment_failed,2026-03-21T14:26:11Z,2026-03-21T16:02:11Z,2026-03-21T16:20:11Z,closed,0,,7169,conflicting_key
TKT007360,AGT016,POLPHONELOW,phone,low,standard,account_access,password_reset,2026-03-26T16:19:12Z,2026-03-26T16:26:12Z,2026-03-26T22:32:12Z,resolved,1,,7361,conflicting_key
TKT007368,AGT012,POLEMAILLOW,email,low,standard,technical_support,bug_error,2026-03-27T04:06:39Z,2026-03-27T08:07:39Z,2026-03-28T14:39:39Z,resolved,0,,7369,conflicting_key
TKT007393,AGT007,POLEMAILMEDIUM,email,medium,standard,technical_support,integration,2026-03-28T03:11:46Z,2026-03-28T03:51:46Z,2026-03-29T10:51:46Z,resolved,1,3.0,7394,conflicting_key
TKT007436,AGT010,POLCHATHIGH,chat,high,standard,technical_support,integration,2026-03-29T11:42:12Z,2026-03-29T11:46:12Z,2026-03-30T03:43:12Z,resolved,0,5.0,7437,conflicting_key
TKT007994,AGT001,POLCHATHIGH,chat,high,standard,product_service_inquiry,feature_question,2026-04-12T14:37:45Z,2026-04-12T14:39:45Z,2026-04-12T15:04:45Z,resolved,0,5.0,7995,conflicting_key
TKT008806,AGT018,POLPHONEMEDIUM,phone,medium,premium,billing,payment_failed,2026-05-01T10:52:46Z,2026-05-01T10:54:46Z,2026-05-01T23:59:46Z,resolved,0,5.0,8807,conflicting_key
TKT008845,AGT010,POLEMAILMEDIUM,email,medium,standard,account_access,verification,2026-05-03T03:53:29Z,2026-05-03T05:13:29Z,2026-05-03T07:20:29Z,resolved,0,,8846,conflicting_key
TKT009285,AGT009,POLCHATLOW,chat,low,standard,technical_support,integration,2026-05-13T01:09:57Z,2026-05-13T02:19:57Z,2026-05-14T01:40:57Z,resolved,0,,9286,conflicting_key
TKT009477,AGT017,POLCHATMEDIUM,chat,medium,standard,account_access,verification,2026-05-17T12:52:36Z,2026-05-17T13:00:36Z,2026-05-17T15:58:36Z,resolved,0,4.0,9478,conflicting_key
TKT009719,AGT001,POLCHATURGENT,chat,urgent,standard,billing,subscription,2026-05-23T00:37:24Z,2026-05-23T00:38:24Z,2026-05-23T11:01:24Z,resolved,0,4.0,9720,conflicting_key
TKT010071,AGT014,POLCHATHIGH,chat,high,standard,account_access,password_reset,2026-06-01T02:36:09Z,2026-06-01T02:38:09Z,2026-06-01T04:22:09Z,resolved,0,,10072,conflicting_key
TKT010799,AGT004,POLEMAILHIGH,email,high,premium,billing,subscription,2026-06-18T10:28:39Z,2026-06-18T12:00:39Z,2026-06-18T12:01:39Z,closed,0,,10800,conflicting_key
TKT011115,AGT015,POLWEBMEDIUM,web,medium,premium,billing,payment_failed,2026-06-26T14:43:23Z,2026-06-26T19:01:23Z,2026-06-27T02:05:23Z,resolved,0,5.0,11116,conflicting_key
TKT011665,AGT005,POLEMAILLOW,email,low,standard,service_request,cancellation,2026-07-10T14:16:32Z,2026-07-10T14:40:32Z,2026-07-11T09:10:32Z,resolved,0,5.0,11666,conflicting_key
TKT012249,AGT004,POLEMAILLOW,email,low,standard,account_access,account_locked,2026-07-25T04:38:45Z,2026-07-25T06:54:45Z,2026-07-25T07:35:45Z,resolved,0,4.0,12250,conflicting_key
TKT012410,AGT003,POLCHATMEDIUM,chat,medium,standard,service_request,cancellation,2026-07-29T07:15:37Z,2026-07-29T07:33:37Z,2026-07-29T08:58:37Z,closed,0,,12411,conflicting_key
TKT012446,AGT012,POLCHATHIGH,chat,high,standard,technical_support,performance,2026-07-30T03:25:48Z,2026-07-30T03:44:48Z,2026-07-31T09:22:48Z,resolved,0,3.0,12447,conflicting_key
TKT006341,AGT007,POLEMAILMEDIUM,email,medium,vip,technical_support,bug_error,2026-03-03T07:18:06Z,2026-03-03T09:01:06Z,2026-03-03T18:12:06Z,closed,0,,15077,conflicting_key
TKT011115,AGT015,POLWEBMEDIUM,web,medium,vip,billing,payment_failed,2026-06-26T14:43:23Z,2026-06-26T19:01:23Z,2026-06-27T02:05:23Z,resolved,0,5.0,15078,conflicting_key
TKT010799,AGT004,POLEMAILHIGH,email,high,vip,billing,subscription,2026-06-18T10:28:39Z,2026-06-18T12:00:39Z,2026-06-18T12:01:39Z,closed,0,,15079,conflicting_key
TKT007994,AGT001,POLCHATHIGH,chat,high,premium,product_service_inquiry,feature_question,2026-04-12T14:37:45Z,2026-04-12T14:39:45Z,2026-04-12T15:04:45Z,resolved,0,5.0,15080,conflicting_key
TKT008845,AGT010,POLEMAILMEDIUM,email,medium,premium,account_access,verification,2026-05-03T03:53:29Z,2026-05-03T05:13:29Z,2026-05-03T07:20:29Z,resolved,0,,15081,conflicting_key
TKT012446,AGT012,POLCHATHIGH,chat,high,premium,technical_support,performance,2026-07-30T03:25:48Z,2026-07-30T03:44:48Z,2026-07-31T09:22:48Z,resolved,0,3.0,15082,conflicting_key
TKT012249,AGT004,POLEMAILLOW,email,low,premium,account_access,account_locked,2026-07-25T04:38:45Z,2026-07-25T06:54:45Z,2026-07-25T07:35:45Z,resolved,0,4.0,15083,conflicting_key
TKT007368,AGT012,POLEMAILLOW,email,low,premium,technical_support,bug_error,2026-03-27T04:06:39Z,2026-03-27T08:07:39Z,2026-03-28T14:39:39Z,resolved,0,,15084,conflicting_key
TKT000012,AGT007,POLEMAILHIGH,email,high,vip,technical_support,performance,2025-10-01T03:05:56Z,2025-10-01T03:26:56Z,2025-10-01T10:35:56Z,resolved,0,,15085,conflicting_key
TKT007360,AGT016,POLPHONELOW,phone,low,premium,account_access,password_reset,2026-03-26T16:19:12Z,2026-03-26T16:26:12Z,2026-03-26T22:32:12Z,resolved,1,,15086,conflicting_key
TKT011665,AGT005,POLEMAILLOW,email,low,premium,service_request,cancellation,2026-07-10T14:16:32Z,2026-07-10T14:40:32Z,2026-07-11T09:10:32Z,resolved,0,5.0,15087,conflicting_key
TKT008806,AGT018,POLPHONEMEDIUM,phone,medium,vip,billing,payment_failed,2026-05-01T10:52:46Z,2026-05-01T10:54:46Z,2026-05-01T23:59:46Z,resolved,0,5.0,15088,conflicting_key
TKT003885,AGT003,POLEMAILMEDIUM,email,medium,premium,service_request,configuration,2026-01-02T04:10:01Z,2026-01-02T07:28:01Z,2026-01-02T07:29:01Z,closed,0,4.0,15089,conflicting_key
TKT005509,AGT014,POLCHATHIGH,chat,high,vip,billing,refund,2026-02-10T19:20:42Z,2026-02-10T19:28:42Z,2026-02-11T17:06:42Z,closed,1,5.0,15090,conflicting_key
TKT007436,AGT010,POLCHATHIGH,chat,high,premium,technical_support,integration,2026-03-29T11:42:12Z,2026-03-29T11:46:12Z,2026-03-30T03:43:12Z,resolved,0,5.0,15091,conflicting_key
TKT009285,AGT009,POLCHATLOW,chat,low,premium,technical_support,integration,2026-05-13T01:09:57Z,2026-05-13T02:19:57Z,2026-05-14T01:40:57Z,resolved,0,,15092,conflicting_key
TKT007393,AGT007,POLEMAILMEDIUM,email,medium,premium,technical_support,integration,2026-03-28T03:11:46Z,2026-03-28T03:51:46Z,2026-03-29T10:51:46Z,resolved,1,3.0,15093,conflicting_key
TKT007168,AGT018,POLEMAILMEDIUM,email,medium,premium,billing,payment_failed,2026-03-21T14:26:11Z,2026-03-21T16:02:11Z,2026-03-21T16:20:11Z,closed,0,,15094,conflicting_key
TKT003965,AGT018,POLPHONEURGENT,phone,urgent,premium,billing,payment_failed,2026-01-05T02:24:08Z,2026-01-05T02:27:08Z,2026-01-05T05:00:08Z,resolved,0,,15095,conflicting_key
TKT000330,AGT010,POLEMAILHIGH,email,high,vip,technical_support,integration,2025-10-08T11:05:47Z,2025-10-08T12:58:47Z,2025-10-08T21:47:47Z,resolved,0,4.0,15096,conflicting_key
TKT005049,AGT003,POLEMAILMEDIUM,email,medium,premium,service_request,configuration,2026-01-30T06:16:13Z,2026-01-30T07:03:13Z,2026-01-30T18:39:13Z,closed,0,,15097,conflicting_key
TKT006646,AGT007,POLCHATMEDIUM,chat,medium,standard,technical_support,login_authentication,2026-03-09T23:43:13Z,2026-03-09T23:47:13Z,2026-03-12T05:53:13Z,resolved,1,3.0,15098,conflicting_key
TKT012410,AGT003,POLCHATMEDIUM,chat,medium,premium,service_request,cancellation,2026-07-29T07:15:37Z,2026-07-29T07:33:37Z,2026-07-29T08:58:37Z,closed,0,,15099,conflicting_key
TKT009477,AGT017,POLCHATMEDIUM,chat,medium,premium,account_access,verification,2026-05-17T12:52:36Z,2026-05-17T13:00:36Z,2026-05-17T15:58:36Z,resolved,0,4.0,15100,conflicting_key
TKT004287,AGT008,POLEMAILHIGH,email,high,standard,technical_support,login_authentication,2026-01-12T08:01:00Z,2026-01-12T08:58:00Z,2026-01-13T01:02:00Z,resolved,1,4.0,15101,conflicting_key
TKT002416,AGT018,POLCHATMEDIUM,chat,medium,vip,billing,subscription,2025-11-26T07:26:08Z,2025-11-26T07:49:08Z,2025-11-26T20:56:08Z,closed,0,,15102,conflicting_key
TKT002835,AGT012,POLEMAILHIGH,email,high,standard,billing,subscription,2025-12-06T04:35:21Z,2025-12-06T05:00:21Z,2025-12-06T08:44:21Z,resolved,0,4.0,15103,conflicting_key
TKT010071,AGT014,POLCHATHIGH,chat,high,premium,account_access,password_reset,2026-06-01T02:36:09Z,2026-06-01T02:38:09Z,2026-06-01T04:22:09Z,resolved,0,,15104,conflicting_key
TKT004210,AGT003,POLCHATHIGH,chat,high,standard,product_service_inquiry,availability,2026-01-10T02:44:04Z,2026-01-10T02:45:04Z,2026-01-10T02:56:04Z,resolved,0,4.0,15105,conflicting_key
TKT009719,AGT001,POLCHATURGENT,chat,urgent,premium,billing,subscription,2026-05-23T00:37:24Z,2026-05-23T00:38:24Z,2026-05-23T11:01:24Z,resolved,0,4.0,15106,conflicting_key
TKT000075,AGT009,POLCHATMEDIUM,chat,medium,standard,technical_support,payment_failed,2025-10-02T05:25:52Z,2025-10-02T05:35:52Z,2025-10-02T17:52:52Z,resolved,0,,76,invalid_hierarchy
TKT000161,AGT009,POLWEBHIGH,web,high,standard,technical_support,bug_error,2025-10-04T06:01:52Z,2025-10-04T06:28:52Z,,resolved,0,5.0,162,completed_missing_fields
TKT000183,AGT007,POLPHONEMEDIUM,phone,medium,standard,technical_support,integration,2025-10-05T06:37:19Z,2025-10-05T06:41:19Z,,resolved,0,5.0,184,completed_missing_fields
TKT000508,AGT007,POLCHATMEDIUM,chat,medium,standard,product_service_inquiry,,2025-10-13T08:21:55Z,2025-10-13T08:44:55Z,2025-10-13T09:55:55Z,resolved,0,3.0,509,missing_hierarchy
TKT000551,AGT999,POLCHATMEDIUM,chat,medium,premium,technical_support,integration,2025-10-14T10:04:45Z,2025-10-14T10:10:45Z,2025-10-15T00:30:45Z,resolved,0,4.0,552,unknown_owner
TKT000560,AGT015,POLCHATMEDIUM,chat,medium,standard,billing,payment_failed,2025-10-14T22:47:18Z,2025-10-14T22:50:18Z,,resolved,0,4.0,561,completed_missing_fields
TKT000593,AGT015,POLEMAILMEDIUM,email,medium,standard,technical_support,payment_failed,2025-10-15T08:46:33Z,2025-10-15T09:15:33Z,2025-10-15T15:20:33Z,resolved,0,3.0,594,invalid_hierarchy
TKT000600,AGT014,POLEMAILMEDIUM,email,medium,standard,technical_support,payment_failed,2025-10-15T13:02:23Z,2025-10-15T18:12:23Z,2025-10-15T21:11:23Z,resolved,0,3.0,601,invalid_hierarchy
TKT000626,AGT008,POLEMAILMEDIUM,email,medium,standard,account_access,,2025-10-16T05:36:18Z,2025-10-16T06:20:18Z,2025-10-17T02:57:18Z,resolved,1,,627,missing_hierarchy
TKT000780,AGT001,POLCHATLOW,chat,low,premium,technical_support,payment_failed,2025-10-20T04:47:49Z,2025-10-20T05:11:49Z,2026-02-24T14:07:49Z,closed,0,3.0,781,invalid_hierarchy
TKT000791,AGT004,POLPHONEMEDIUM,phone,medium,standard,account_access,password_reset,2025-10-20T06:31:09Z,2025-10-20T06:35:09Z,,resolved,0,,792,completed_missing_fields
TKT000858,AGT010,POLEMAILLOW,email,low,standard,technical_support,,2025-10-21T10:51:17Z,2025-10-21T11:22:17Z,2025-10-23T12:22:17Z,resolved,0,,859,missing_hierarchy
TKT000895,AGT010,POLEMAILMEDIUM,email,medium,premium,,,2025-10-22T09:51:50Z,2025-10-22T10:26:50Z,2025-10-23T03:49:50Z,closed,0,,896,missing_hierarchy
TKT001034,AGT013,POLCHATLOW,chat,low,vip,billing,payment_failed,2025-10-26T04:59:30Z,2025-10-26T05:07:30Z,,resolved,0,,1035,completed_missing_fields
TKT001065,AGT015,POLWEBMEDIUM,web,medium,premium,billing,invoice,2025-10-27T03:04:34Z,2025-10-27T05:01:34Z,,resolved,0,3.0,1066,completed_missing_fields
TKT001123,AGT004,POLEMAILMEDIUM,email,medium,premium,account_access,,2025-10-28T03:13:52Z,2025-10-28T05:32:52Z,2025-10-28T05:40:52Z,resolved,0,3.0,1124,missing_hierarchy
TKT001220,AGT003,POLEMAILMEDIUM,email,medium,premium,billing,,2025-10-29T13:31:37Z,2025-10-29T18:18:37Z,2025-10-29T22:16:37Z,closed,0,3.0,1221,missing_hierarchy
TKT001234,AGT008,POLEMAILMEDIUM,email,medium,standard,,,2025-10-30T02:06:32Z,2025-10-30T04:14:32Z,2025-10-30T05:13:32Z,resolved,0,3.0,1235,missing_hierarchy
TKT001375,AGT003,POLEMAILLOW,email,low,premium,service_request,cancellation,2025-11-02T07:07:38Z,2025-11-02T08:19:38Z,,resolved,0,,1376,completed_missing_fields
TKT001467,AGT002,POLWEBLOW,web,low,standard,service_request,,2025-11-04T06:31:01Z,2025-11-04T07:10:01Z,2025-11-04T13:55:01Z,resolved,0,,1468,missing_hierarchy
TKT001528,AGT001,POLCHATHIGH,chat,high,premium,technical_support,payment_failed,2025-11-05T03:40:46Z,2025-11-05T03:44:46Z,2026-05-22T18:46:46Z,resolved,0,5.0,1529,invalid_hierarchy
TKT001531,AGT008,POLCHATHIGH,chat,high,standard,technical_support,performance,2025-11-05T03:57:40Z,2025-11-05T04:00:40Z,,closed,0,5.0,1532,completed_missing_fields
TKT001539,AGT016,POLPHONEMEDIUM,phone,medium,standard,technical_support,payment_failed,2025-11-05T05:22:14Z,2025-11-05T05:25:14Z,2025-11-05T07:30:14Z,resolved,0,,1540,invalid_hierarchy
TKT001612,AGT008,POLCHATMEDIUM,chat,medium,standard,technical_support,payment_failed,2025-11-07T02:53:59Z,2025-11-07T02:56:59Z,2025-11-08T04:20:59Z,closed,0,,1613,invalid_hierarchy
TKT001818,AGT002,POLEMAILHIGH,email,high,premium,account_access,password_reset,2025-11-12T02:24:45Z,2025-11-12T02:58:45Z,,closed,0,,1819,completed_missing_fields
TKT002007,AGT011,POLPHONEMEDIUM,phone,medium,standard,technical_support,,2025-11-17T04:55:28Z,2025-11-17T05:00:28Z,2025-11-17T12:16:28Z,resolved,0,5.0,2008,missing_hierarchy
TKT002106,AGT009,POLCHATMEDIUM,chat,medium,standard,technical_support,performance,2025-11-19T04:52:59Z,2025-11-19T05:00:59Z,,resolved,0,,2107,completed_missing_fields
TKT002113,AGT005,POLEMAILMEDIUM,email,medium,premium,,,2025-11-19T07:16:23Z,2025-11-19T08:31:23Z,2025-11-19T09:26:23Z,closed,0,,2114,missing_hierarchy
TKT002189,AGT013,POLPHONEURGENT,phone,urgent,premium,billing,subscription,2025-11-21T01:57:59Z,2025-11-21T01:58:59Z,,resolved,0,,2190,completed_missing_fields
TKT002267,AGT014,POLEMAILMEDIUM,email,medium,standard,billing,refund,2025-11-23T05:07:35Z,2025-11-23T07:45:35Z,,resolved,0,5.0,2268,completed_missing_fields
TKT002366,AGT008,POLEMAILMEDIUM,email,medium,premium,,,2025-11-25T04:36:56Z,2025-11-25T05:28:56Z,2025-11-25T10:26:56Z,resolved,0,5.0,2367,missing_hierarchy
TKT002555,AGT018,POLWEBHIGH,web,high,standard,billing,subscription,2025-11-29T08:51:06Z,2025-11-29T08:50:06Z,2025-11-30T04:24:06Z,resolved,0,,2556,response_order
TKT002747,AGT010,POLCHATHIGH,chat,high,vip,technical_support,payment_failed,2025-12-04T05:39:34Z,2025-12-04T05:40:34Z,2025-12-04T07:26:34Z,resolved,0,5.0,2748,invalid_hierarchy
TKT002771,AGT014,POLWEBLOW,web,low,vip,technical_support,payment_failed,2025-12-04T12:51:42Z,2025-12-04T14:23:42Z,2025-12-04T16:19:42Z,closed,0,,2772,invalid_hierarchy
TKT002927,AGT008,POLWEBHIGH,web,high,standard,technical_support,payment_failed,2025-12-09T02:29:46Z,2025-12-09T03:01:46Z,2025-12-10T20:37:46Z,resolved,0,,2928,invalid_hierarchy
TKT003123,AGT010,POLPHONEMEDIUM,phone,medium,standard,,,2025-12-14T02:27:53Z,2025-12-14T02:30:53Z,2025-12-14T11:32:53Z,closed,0,,3124,missing_hierarchy
TKT003180,AGT002,POLEMAILMEDIUM,email,medium,premium,technical_support,payment_failed,2025-12-15T13:00:19Z,2025-12-15T13:10:19Z,2025-12-16T16:55:19Z,resolved,2,4.0,3181,invalid_hierarchy
TKT003195,AGT002,POLCHATHIGH,chat,high,standard,product_service_inquiry,feature_question,2025-12-16T04:14:39Z,2025-12-16T04:23:39Z,,resolved,1,,3196,completed_missing_fields
TKT003274,AGT009,POLCHATMEDIUM,chat,medium,premium,technical_support,payment_failed,2025-12-18T08:20:19Z,2025-12-18T08:21:19Z,2025-12-19T00:19:19Z,resolved,0,5.0,3275,invalid_hierarchy
TKT003303,AGT010,POLCHATMEDIUM,chat,medium,premium,technical_support,,2025-12-19T02:51:50Z,2025-12-19T03:07:50Z,2025-12-20T20:26:50Z,resolved,0,,3304,missing_hierarchy
TKT003353,AGT999,POLCHATMEDIUM,chat,medium,standard,technical_support,login_authentication,2025-12-21T05:46:57Z,2025-12-21T05:52:57Z,2025-12-22T06:04:57Z,resolved,0,3.0,3354,unknown_owner
TKT003380,AGT013,POLWEBMEDIUM,web,medium,standard,billing,payment_failed,2025-12-22T03:43:11Z,2025-12-22T03:42:11Z,2025-12-23T04:56:11Z,resolved,0,,3381,response_order
TKT003459,AGT002,POLEMAILMEDIUM,email,medium,standard,service_request,cancellation,2025-12-23T08:40:51Z,2025-12-23T09:06:51Z,,resolved,0,4.0,3460,completed_missing_fields
TKT003463,AGT018,POLEMAILMEDIUM,email,medium,standard,technical_support,payment_failed,2025-12-23T09:51:29Z,2025-12-23T11:25:29Z,2025-12-23T16:56:29Z,resolved,0,4.0,3464,invalid_hierarchy
TKT003588,AGT999,POLCHATMEDIUM,chat,medium,standard,billing,subscription,2025-12-26T05:48:20Z,2025-12-26T06:03:20Z,2025-12-27T03:04:20Z,resolved,0,,3589,unknown_owner
TKT003698,AGT013,POLWEBHIGH,web,high,standard,technical_support,bug_error,2025-12-29T10:06:40Z,2025-12-29T11:43:40Z,,resolved,0,4.0,3699,completed_missing_fields
TKT003713,AGT002,POLWEBHIGH,web,high,standard,billing,subscription,2025-12-30T01:55:36Z,2025-12-30T04:58:36Z,,closed,1,,3714,completed_missing_fields
TKT003869,AGT015,POLEMAILMEDIUM,email,medium,standard,account_access,password_reset,2026-01-02T02:12:52Z,2026-01-02T02:11:52Z,2026-01-02T21:15:52Z,resolved,2,,3870,response_order
TKT004002,AGT003,POLPHONEMEDIUM,phone,medium,standard,technical_support,bug_error,2026-01-05T09:37:26Z,2026-01-05T09:47:26Z,,resolved,0,,4003,completed_missing_fields
TKT004104,AGT002,POLEMAILLOW,email,low,standard,product_service_inquiry,pricing,2026-01-07T14:13:10Z,2026-01-07T14:12:10Z,2026-01-07T14:41:10Z,resolved,0,3.0,4105,response_order
TKT004148,AGT003,POLEMAILHIGH,email,high,standard,product_service_inquiry,,2026-01-08T09:19:43Z,2026-01-08T09:45:43Z,2026-01-08T11:32:43Z,resolved,0,,4149,missing_hierarchy
TKT004518,AGT014,POLCHATHIGH,chat,high,vip,technical_support,payment_failed,2026-01-19T02:00:55Z,2026-01-19T02:01:55Z,2026-01-19T03:35:55Z,resolved,0,,4519,invalid_hierarchy
TKT004541,AGT018,POLEMAILMEDIUM,email,medium,standard,technical_support,payment_failed,2026-01-19T05:54:51Z,2026-01-19T07:29:51Z,2026-01-19T08:04:51Z,resolved,0,3.0,4542,invalid_hierarchy
TKT004656,AGT010,POLWEBMEDIUM,web,medium,premium,,,2026-01-22T03:43:11Z,2026-01-22T04:54:11Z,2026-01-22T19:15:11Z,closed,0,4.0,4657,missing_hierarchy
TKT004698,AGT013,POLCHATMEDIUM,chat,medium,standard,account_access,,2026-01-22T23:11:46Z,2026-01-22T23:17:46Z,2026-01-23T17:04:46Z,resolved,1,,4699,missing_hierarchy
TKT004715,AGT001,POLWEBHIGH,web,high,standard,product_service_inquiry,,2026-01-23T04:49:37Z,2026-01-23T05:30:37Z,2026-01-23T05:31:37Z,resolved,0,4.0,4716,missing_hierarchy
TKT004765,AGT017,POLPHONEMEDIUM,phone,medium,standard,technical_support,payment_failed,2026-01-24T15:22:20Z,2026-01-24T15:24:20Z,2026-05-02T18:35:20Z,resolved,0,2.0,4766,invalid_hierarchy
TKT004855,AGT013,POLWEBHIGH,web,high,standard,account_access,account_locked,2026-01-27T02:40:07Z,2026-01-27T05:12:07Z,,resolved,0,4.0,4856,completed_missing_fields
TKT004886,AGT018,POLPHONEHIGH,phone,high,premium,account_access,password_reset,2026-01-27T05:55:49Z,2026-01-27T05:54:49Z,2026-01-27T06:16:49Z,resolved,0,5.0,4887,response_order
TKT005046,AGT003,POLPHONELOW,phone,low,standard,account_access,,2026-01-30T05:27:22Z,2026-01-30T05:32:22Z,2026-01-30T23:33:22Z,resolved,0,,5047,missing_hierarchy
TKT005135,AGT005,POLEMAILHIGH,email,high,standard,product_service_inquiry,,2026-02-02T04:04:20Z,2026-02-02T05:32:20Z,2026-02-02T11:15:20Z,closed,0,3.0,5136,missing_hierarchy
TKT005168,AGT007,POLPHONEMEDIUM,phone,medium,standard,technical_support,performance,2026-02-03T02:35:12Z,2026-02-03T02:34:12Z,2026-02-04T03:45:12Z,resolved,0,,5169,response_order
TKT005172,AGT015,POLPHONEHIGH,phone,high,standard,account_access,,2026-02-03T02:47:34Z,2026-02-03T02:50:34Z,2026-02-03T04:27:34Z,resolved,0,,5173,missing_hierarchy
TKT005245,AGT015,POLPHONEMEDIUM,phone,medium,premium,billing,refund,2026-02-04T08:35:39Z,2026-02-04T08:39:39Z,,resolved,0,,5246,completed_missing_fields
TKT005311,AGT005,POLEMAILLOW,email,low,premium,technical_support,payment_failed,2026-02-06T03:28:40Z,2026-02-06T04:40:40Z,2026-02-06T05:58:40Z,resolved,0,,5312,invalid_hierarchy
TKT005342,AGT004,POLWEBMEDIUM,web,medium,standard,technical_support,payment_failed,2026-02-06T13:40:51Z,2026-02-06T15:00:51Z,2026-02-06T15:01:51Z,resolved,0,,5343,invalid_hierarchy
TKT005390,AGT017,POLPHONEHIGH,phone,high,premium,,,2026-02-08T07:20:24Z,2026-02-08T07:21:24Z,2026-02-08T07:35:24Z,closed,0,,5391,missing_hierarchy
TKT005479,AGT017,POLEMAILMEDIUM,email,medium,standard,,,2026-02-10T03:38:43Z,2026-02-10T04:16:43Z,2026-02-10T04:52:43Z,closed,0,3.0,5480,missing_hierarchy
TKT005794,AGT005,POLWEBLOW,web,low,standard,technical_support,payment_failed,2026-02-18T03:57:16Z,2026-02-18T04:47:16Z,2026-02-19T00:39:16Z,resolved,0,3.0,5795,invalid_hierarchy
TKT005878,AGT999,POLCHATMEDIUM,chat,medium,standard,product_service_inquiry,availability,2026-02-19T10:19:57Z,2026-02-19T10:22:57Z,2026-02-19T10:54:57Z,resolved,0,4.0,5879,unknown_owner
TKT005886,AGT999,POLCHATMEDIUM,chat,medium,standard,technical_support,performance,2026-02-19T15:57:18Z,2026-02-19T16:44:18Z,2026-02-21T14:48:18Z,resolved,0,4.0,5887,unknown_owner
TKT005889,AGT018,POLEMAILMEDIUM,email,medium,standard,,,2026-02-20T00:55:11Z,2026-02-20T02:01:11Z,2026-02-20T04:30:11Z,resolved,0,4.0,5890,missing_hierarchy
TKT005891,AGT017,POLEMAILLOW,email,low,standard,technical_support,payment_failed,2026-02-20T02:42:48Z,2026-02-20T03:56:48Z,2026-02-20T23:21:48Z,resolved,0,5.0,5892,invalid_hierarchy
TKT005895,AGT001,POLCHATHIGH,chat,high,standard,account_access,verification,2026-02-20T03:23:00Z,2026-02-20T03:39:00Z,,resolved,0,5.0,5896,completed_missing_fields
TKT005901,AGT001,POLEMAILMEDIUM,email,medium,premium,,,2026-02-20T04:43:57Z,2026-02-20T05:07:57Z,2026-02-20T09:22:57Z,resolved,0,,5902,missing_hierarchy
TKT005905,AGT013,POLPHONEURGENT,phone,urgent,standard,,,2026-02-20T05:28:20Z,2026-02-20T05:30:20Z,2026-02-20T07:05:20Z,resolved,0,,5906,missing_hierarchy
TKT005978,AGT008,POLPHONEMEDIUM,phone,medium,premium,technical_support,,2026-02-23T00:45:37Z,2026-02-23T00:48:37Z,2026-02-24T23:32:37Z,resolved,1,3.0,5979,missing_hierarchy
TKT006000,AGT003,POLPHONEMEDIUM,phone,medium,standard,technical_support,payment_failed,2026-02-23T06:44:00Z,2026-02-23T06:46:00Z,2026-02-23T10:16:00Z,resolved,0,,6001,invalid_hierarchy
TKT006083,AGT017,POLCHATLOW,chat,low,standard,technical_support,payment_failed,2026-02-25T04:16:11Z,2026-02-25T04:27:11Z,2026-02-25T09:02:11Z,resolved,0,,6084,invalid_hierarchy
TKT006107,AGT999,POLPHONEMEDIUM,phone,medium,vip,technical_support,bug_error,2026-02-25T08:09:42Z,2026-02-25T08:11:42Z,,pending,0,,6108,unknown_owner
TKT006114,AGT017,POLPHONEURGENT,phone,urgent,standard,account_access,profile,2026-02-25T09:21:09Z,2026-02-25T09:20:09Z,2026-02-26T07:01:09Z,resolved,0,,6115,response_order
TKT006286,AGT999,POLEMAILMEDIUM,email,medium,standard,account_access,verification,2026-03-02T07:11:31Z,2026-03-02T07:37:31Z,2026-03-02T12:20:31Z,resolved,0,5.0,6287,unknown_owner
TKT006436,AGT003,POLEMAILMEDIUM,email,medium,standard,,,2026-03-05T04:32:45Z,2026-03-05T07:19:45Z,2026-03-05T07:21:45Z,closed,0,4.0,6437,missing_hierarchy
TKT006477,AGT010,POLEMAILHIGH,email,high,standard,technical_support,payment_failed,2026-03-05T23:44:23Z,2026-03-06T00:51:23Z,2026-03-07T00:52:23Z,resolved,0,,6478,invalid_hierarchy
TKT006498,AGT015,POLEMAILHIGH,email,high,standard,,,2026-03-06T04:12:50Z,2026-03-06T05:06:50Z,2026-03-06T05:12:50Z,resolved,0,5.0,6499,missing_hierarchy
TKT006618,AGT017,POLPHONEMEDIUM,phone,medium,standard,billing,subscription,2026-03-09T04:56:19Z,2026-03-09T04:55:19Z,2026-03-09T09:57:19Z,resolved,0,3.0,6619,response_order
TKT006653,AGT002,POLWEBMEDIUM,web,medium,standard,technical_support,integration,2026-03-10T02:29:13Z,2026-03-10T06:23:13Z,,resolved,0,5.0,6654,completed_missing_fields
TKT007067,AGT005,POLEMAILLOW,email,low,premium,technical_support,payment_failed,2026-03-19T00:24:54Z,2026-03-19T00:53:54Z,2026-09-26T15:40:54Z,resolved,0,3.0,7068,invalid_hierarchy
TKT007299,AGT018,POLPHONELOW,phone,low,standard,billing,payment_failed,2026-03-25T05:23:24Z,2026-03-25T05:22:24Z,2026-03-25T07:21:24Z,resolved,0,,7300,response_order
TKT007372,AGT014,POLPHONEMEDIUM,phone,medium,premium,billing,,2026-03-27T04:21:18Z,2026-03-27T04:42:18Z,2026-03-27T06:36:18Z,closed,0,,7373,missing_hierarchy
TKT007412,AGT004,POLWEBHIGH,web,high,premium,technical_support,payment_failed,2026-03-29T02:00:11Z,2026-03-29T03:41:11Z,2026-03-29T06:05:11Z,resolved,0,,7413,invalid_hierarchy
TKT007494,AGT013,POLCHATLOW,chat,low,premium,account_access,password_reset,2026-03-31T03:39:49Z,2026-03-31T03:46:49Z,,resolved,0,4.0,7495,completed_missing_fields
TKT007495,AGT013,POLPHONEMEDIUM,phone,medium,standard,technical_support,payment_failed,2026-03-31T03:52:34Z,2026-03-31T04:13:34Z,2026-03-31T17:20:34Z,resolved,0,,7496,invalid_hierarchy
TKT007660,AGT003,POLPHONEMEDIUM,phone,medium,standard,technical_support,payment_failed,2026-04-03T04:13:47Z,2026-04-03T04:16:47Z,2026-04-03T15:20:47Z,resolved,0,5.0,7661,invalid_hierarchy
TKT007796,AGT016,POLPHONEHIGH,phone,high,vip,billing,,2026-04-07T03:49:39Z,2026-04-07T03:55:39Z,2026-04-07T06:01:39Z,closed,0,,7797,missing_hierarchy
TKT007816,AGT018,POLPHONEMEDIUM,phone,medium,premium,technical_support,payment_failed,2026-04-07T08:33:36Z,2026-04-07T08:40:36Z,2026-04-08T06:30:36Z,closed,0,,7817,invalid_hierarchy
TKT007923,AGT001,POLEMAILMEDIUM,email,medium,standard,technical_support,payment_failed,2026-04-10T04:11:03Z,2026-04-10T05:01:03Z,2026-04-10T21:24:03Z,resolved,0,,7924,invalid_hierarchy
TKT007940,AGT001,POLCHATHIGH,chat,high,standard,,,2026-04-10T10:25:25Z,2026-04-10T10:37:25Z,2026-04-10T18:25:25Z,closed,0,3.0,7941,missing_hierarchy
TKT008000,AGT007,POLCHATMEDIUM,chat,medium,standard,,,2026-04-12T23:37:14Z,2026-04-12T23:47:14Z,2026-04-13T16:39:14Z,closed,0,3.0,8001,missing_hierarchy
TKT008055,AGT011,POLCHATMEDIUM,chat,medium,standard,technical_support,bug_error,2026-04-14T04:36:21Z,2026-04-14T04:35:21Z,2026-04-15T04:41:21Z,closed,0,4.0,8056,response_order
TKT008084,AGT003,POLCHATMEDIUM,chat,medium,premium,technical_support,payment_failed,2026-04-15T02:22:03Z,2026-04-15T02:29:03Z,2026-04-15T03:18:03Z,resolved,0,,8085,invalid_hierarchy
TKT008107,AGT006,POLEMAILURGENT,email,urgent,standard,service_request,upgrade,2026-04-15T08:41:33Z,2026-04-15T08:51:33Z,,resolved,0,5.0,8108,completed_missing_fields
TKT008189,AGT014,POLPHONEMEDIUM,phone,medium,standard,technical_support,payment_failed,2026-04-17T04:55:44Z,2026-04-17T05:20:44Z,,pending,0,,8190,invalid_hierarchy
TKT008199,AGT001,POLPHONEHIGH,phone,high,premium,service_request,,2026-04-17T08:55:36Z,2026-04-17T09:00:36Z,2026-04-17T15:56:36Z,resolved,0,,8200,missing_hierarchy
TKT008336,AGT015,POLCHATMEDIUM,chat,medium,standard,,,2026-04-21T05:37:46Z,2026-04-21T05:42:46Z,2026-04-21T06:11:46Z,resolved,0,,8337,missing_hierarchy
TKT008452,AGT003,POLPHONEMEDIUM,phone,medium,vip,,,2026-04-23T13:26:50Z,2026-04-23T13:28:50Z,2026-04-23T14:46:50Z,closed,0,,8453,missing_hierarchy
TKT008457,AGT014,POLEMAILMEDIUM,email,medium,standard,billing,payment_failed,2026-04-24T00:21:18Z,2026-04-24T00:20:18Z,2026-04-24T02:01:18Z,resolved,0,,8458,response_order
TKT008483,AGT011,POLWEBHIGH,web,high,vip,technical_support,,2026-04-24T08:21:18Z,2026-04-24T09:51:18Z,2026-04-24T17:15:18Z,resolved,1,,8484,missing_hierarchy
TKT008596,AGT017,POLEMAILMEDIUM,email,medium,standard,,,2026-04-27T23:48:49Z,2026-04-28T01:32:49Z,2026-04-28T02:55:49Z,resolved,0,3.0,8597,missing_hierarchy
TKT008654,AGT018,POLWEBMEDIUM,web,medium,standard,technical_support,payment_failed,2026-04-29T02:44:00Z,2026-04-29T03:14:00Z,2026-04-29T05:20:00Z,resolved,0,3.0,8655,invalid_hierarchy
TKT008659,AGT004,POLEMAILLOW,email,low,standard,service_request,,2026-04-29T03:15:58Z,2026-04-29T06:12:58Z,2026-08-22T07:57:58Z,closed,0,,8660,missing_hierarchy
TKT008697,AGT016,POLPHONELOW,phone,low,standard,technical_support,payment_failed,2026-04-29T14:44:02Z,2026-04-29T15:16:02Z,2026-04-29T16:11:02Z,resolved,0,,8698,invalid_hierarchy
TKT008749,AGT016,POLCHATMEDIUM,chat,medium,standard,account_access,password_reset,2026-04-30T13:17:05Z,2026-04-30T13:32:05Z,,resolved,0,4.0,8750,completed_missing_fields
TKT008768,AGT007,POLPHONEMEDIUM,phone,medium,premium,technical_support,performance,2026-05-01T03:36:48Z,2026-05-01T03:35:48Z,2026-05-02T01:33:48Z,resolved,1,5.0,8769,response_order
TKT008820,AGT999,POLCHATMEDIUM,chat,medium,vip,billing,invoice,2026-05-02T04:17:18Z,2026-05-02T04:22:18Z,2026-05-02T08:23:18Z,closed,0,5.0,8821,unknown_owner
TKT008945,AGT017,POLCHATMEDIUM,chat,medium,standard,account_access,password_reset,2026-05-05T07:52:51Z,2026-05-05T07:58:51Z,,closed,0,5.0,8946,completed_missing_fields
TKT008978,AGT006,POLWEBMEDIUM,web,medium,vip,,,2026-05-06T03:51:38Z,2026-05-06T05:26:38Z,2026-05-06T05:34:38Z,resolved,0,3.0,8979,missing_hierarchy
TKT009018,AGT009,POLCHATHIGH,chat,high,standard,technical_support,payment_failed,2026-05-06T23:26:24Z,2026-05-06T23:30:24Z,2026-05-07T00:21:24Z,resolved,0,5.0,9019,invalid_hierarchy
TKT009020,AGT014,POLCHATHIGH,chat,high,premium,technical_support,payment_failed,2026-05-07T00:05:19Z,2026-05-07T00:10:19Z,2026-05-07T05:23:19Z,resolved,0,3.0,9021,invalid_hierarchy
TKT009024,AGT999,POLPHONEHIGH,phone,high,premium,billing,payment_failed,2026-05-07T02:32:05Z,2026-05-07T02:33:05Z,,open,0,,9025,unknown_owner
TKT009031,AGT011,POLWEBLOW,web,low,standard,technical_support,payment_failed,2026-05-07T03:30:11Z,2026-05-07T04:44:11Z,2026-05-08T10:49:11Z,closed,1,4.0,9032,invalid_hierarchy
TKT009083,AGT016,POLEMAILMEDIUM,email,medium,vip,,,2026-05-08T04:53:24Z,2026-05-08T05:11:24Z,2026-05-08T09:33:24Z,resolved,0,5.0,9084,missing_hierarchy
TKT009089,AGT004,POLEMAILMEDIUM,email,medium,premium,,,2026-05-08T07:13:22Z,2026-05-08T08:13:22Z,,open,0,,9090,missing_hierarchy
TKT009155,AGT006,POLPHONEMEDIUM,phone,medium,standard,technical_support,payment_failed,2026-05-10T05:15:22Z,2026-05-10T05:26:22Z,2026-05-11T15:47:22Z,resolved,0,2.0,9156,invalid_hierarchy
TKT009244,AGT015,POLCHATURGENT,chat,urgent,premium,billing,payment_failed,2026-05-12T04:06:40Z,2026-05-12T04:05:40Z,2026-05-12T04:27:40Z,closed,0,4.0,9245,response_order
TKT009335,AGT013,POLWEBMEDIUM,web,medium,vip,billing,payment_failed,2026-05-13T09:56:31Z,2026-05-13T11:21:31Z,,resolved,0,,9336,completed_missing_fields
TKT009355,AGT008,POLEMAILMEDIUM,email,medium,premium,technical_support,,2026-05-14T02:59:48Z,2026-05-14T03:35:48Z,2026-05-14T04:54:48Z,resolved,0,5.0,9356,missing_hierarchy
TKT009364,AGT999,POLCHATMEDIUM,chat,medium,premium,billing,refund,2026-05-14T04:09:19Z,2026-05-14T04:15:19Z,2026-05-14T12:36:19Z,resolved,0,,9365,unknown_owner
TKT009412,AGT006,POLWEBURGENT,web,urgent,standard,technical_support,payment_failed,2026-05-15T04:55:30Z,2026-05-15T05:33:30Z,2026-05-15T17:38:30Z,resolved,0,3.0,9413,invalid_hierarchy
TKT009535,AGT013,POLWEBMEDIUM,web,medium,standard,technical_support,payment_failed,2026-05-19T01:07:52Z,2026-05-19T01:46:52Z,2026-05-19T02:44:52Z,closed,0,,9536,invalid_hierarchy
TKT009617,AGT009,POLCHATHIGH,chat,high,premium,technical_support,payment_failed,2026-05-20T06:27:48Z,2026-05-20T06:38:48Z,2026-05-21T05:10:48Z,resolved,0,,9618,invalid_hierarchy
TKT009622,AGT006,POLPHONEMEDIUM,phone,medium,standard,,,2026-05-20T07:13:59Z,2026-05-20T07:18:59Z,2026-05-20T10:43:59Z,closed,0,,9623,missing_hierarchy
TKT009744,AGT005,POLWEBURGENT,web,urgent,standard,account_access,,2026-05-24T02:03:04Z,2026-05-24T02:17:04Z,2026-05-24T02:59:04Z,resolved,0,5.0,9745,missing_hierarchy
TKT009803,AGT011,POLEMAILHIGH,email,high,standard,technical_support,integration,2026-05-25T10:37:44Z,2026-05-25T11:55:44Z,,resolved,0,3.0,9804,completed_missing_fields
TKT009804,AGT016,POLEMAILLOW,email,low,standard,technical_support,payment_failed,2026-05-25T11:14:06Z,2026-05-25T23:42:06Z,2026-05-26T13:26:06Z,resolved,0,5.0,9805,invalid_hierarchy
TKT009808,AGT004,POLCHATMEDIUM,chat,medium,premium,technical_support,performance,2026-05-25T21:25:21Z,2026-05-25T21:24:21Z,2026-05-27T06:00:21Z,closed,0,5.0,9809,response_order
TKT010013,AGT016,POLEMAILMEDIUM,email,medium,standard,,,2026-05-29T17:52:27Z,2026-05-29T22:01:27Z,2026-05-29T22:23:27Z,resolved,0,4.0,10014,missing_hierarchy
TKT010116,AGT008,POLEMAILMEDIUM,email,medium,standard,,,2026-06-02T03:09:59Z,2026-06-02T07:43:59Z,2026-06-02T17:57:59Z,resolved,1,,10117,missing_hierarchy
TKT010134,AGT005,POLCHATLOW,chat,low,standard,service_request,configuration,2026-06-02T08:17:58Z,2026-06-02T08:19:58Z,,closed,0,5.0,10135,completed_missing_fields
TKT010174,AGT016,POLWEBHIGH,web,high,standard,technical_support,payment_failed,2026-06-03T03:55:20Z,2026-06-03T07:04:20Z,2026-06-03T07:05:20Z,resolved,0,4.0,10175,invalid_hierarchy
TKT010189,AGT017,POLPHONEHIGH,phone,high,standard,account_access,profile,2026-06-03T05:56:28Z,2026-06-03T05:58:28Z,,resolved,0,,10190,completed_missing_fields
TKT010214,AGT009,POLCHATMEDIUM,chat,medium,premium,technical_support,,2026-06-04T01:37:55Z,2026-06-04T01:47:55Z,2026-06-05T01:53:55Z,closed,0,2.0,10215,missing_hierarchy
TKT010400,AGT006,POLPHONEMEDIUM,phone,medium,standard,technical_support,payment_failed,2026-06-08T23:59:22Z,2026-06-09T00:02:22Z,2026-09-03T22:57:22Z,closed,0,,10401,invalid_hierarchy
TKT010500,AGT008,POLEMAILMEDIUM,email,medium,vip,technical_support,performance,2026-06-10T07:54:11Z,2026-06-10T08:54:11Z,,resolved,0,,10501,completed_missing_fields
TKT010539,AGT008,POLEMAILMEDIUM,email,medium,standard,technical_support,payment_failed,2026-06-11T08:24:18Z,2026-06-11T08:49:18Z,,open,0,,10540,invalid_hierarchy
TKT010619,AGT007,POLPHONEHIGH,phone,high,vip,billing,,2026-06-14T03:49:25Z,2026-06-14T04:01:25Z,,open,0,,10620,missing_hierarchy
TKT010979,AGT001,POLCHATMEDIUM,chat,medium,premium,technical_support,performance,2026-06-23T07:39:52Z,2026-06-23T07:38:52Z,2026-06-23T10:08:52Z,resolved,0,4.0,10980,response_order
TKT011156,AGT018,POLEMAILMEDIUM,email,medium,vip,technical_support,payment_failed,2026-06-28T08:36:35Z,2026-06-28T10:03:35Z,2026-06-28T15:49:35Z,resolved,1,4.0,11157,invalid_hierarchy
TKT011352,AGT005,POLEMAILMEDIUM,email,medium,standard,,,2026-07-02T10:09:26Z,2026-07-02T11:08:26Z,2026-07-02T11:10:26Z,closed,0,5.0,11353,missing_hierarchy
TKT011536,AGT014,POLCHATLOW,chat,low,premium,technical_support,payment_failed,2026-07-07T15:58:17Z,2026-07-07T16:05:17Z,2026-07-07T16:32:17Z,resolved,0,,11537,invalid_hierarchy
TKT011538,AGT009,POLCHATMEDIUM,chat,medium,standard,technical_support,performance,2026-07-08T01:41:43Z,2026-07-08T01:40:43Z,,pending,0,,11539,response_order
TKT011950,AGT010,POLEMAILMEDIUM,email,medium,standard,,,2026-07-17T12:04:05Z,2026-07-17T12:59:05Z,2026-07-17T19:51:05Z,resolved,0,5.0,11951,missing_hierarchy
TKT011959,AGT005,POLEMAILMEDIUM,email,medium,standard,technical_support,payment_failed,2026-07-18T03:57:35Z,2026-07-18T04:34:35Z,2026-07-18T19:59:35Z,closed,0,4.0,11960,invalid_hierarchy
TKT012012,AGT999,POLCHATHIGH,chat,high,standard,billing,refund,2026-07-19T23:58:18Z,2026-07-20T00:01:18Z,2026-07-20T04:43:18Z,resolved,0,,12013,unknown_owner
TKT012070,AGT003,POLEMAILURGENT,email,urgent,standard,technical_support,payment_failed,2026-07-21T04:01:50Z,2026-07-21T04:06:50Z,2026-07-21T04:54:50Z,resolved,0,5.0,12071,invalid_hierarchy
TKT012265,AGT004,POLEMAILHIGH,email,high,standard,service_request,upgrade,2026-07-25T10:57:55Z,2026-07-25T10:56:55Z,2026-07-25T21:03:55Z,closed,0,,12266,response_order
TKT012392,AGT016,POLPHONEMEDIUM,phone,medium,premium,account_access,,2026-07-29T02:22:52Z,2026-07-29T02:24:52Z,2026-07-29T05:19:52Z,closed,0,,12393,missing_hierarchy
TKT012423,AGT002,POLEMAILMEDIUM,email,medium,premium,service_request,cancellation,2026-07-29T11:14:26Z,2026-07-29T13:47:26Z,,resolved,0,3.0,12424,completed_missing_fields
TKT012427,AGT005,POLWEBHIGH,web,high,premium,account_access,password_reset,2026-07-29T12:48:55Z,2026-07-29T12:47:55Z,2026-07-29T14:14:55Z,resolved,0,5.0,12428,response_order
TKT012444,AGT013,POLPHONEHIGH,phone,high,standard,billing,payment_failed,2026-07-30T03:19:37Z,2026-07-30T03:22:37Z,,resolved,0,,12445,completed_missing_fields
TKT012479,AGT999,POLEMAILHIGH,email,high,standard,technical_support,integration,2026-07-30T10:41:34Z,2026-07-30T11:52:34Z,2026-08-01T01:25:34Z,resolved,0,,12480,unknown_owner
TKT012513,AGT016,POLEMAILLOW,email,low,premium,billing,,2026-07-31T07:04:36Z,2026-07-31T09:04:36Z,2026-08-01T17:40:36Z,resolved,1,,12514,missing_hierarchy
TKT012528,AGT999,POLCHATMEDIUM,chat,medium,standard,account_access,verification,2026-07-31T11:24:18Z,2026-07-31T11:27:18Z,2026-07-31T15:36:18Z,resolved,0,5.0,12529,unknown_owner
TKT012558,AGT003,POLEMAILMEDIUM,email,medium,vip,billing,payment_failed,2026-08-01T14:59:00Z,2026-08-01T14:58:00Z,2026-08-01T18:08:00Z,resolved,1,3.0,12559,response_order
TKT012588,AGT002,POLWEBHIGH,web,high,premium,billing,payment_failed,2026-08-03T00:36:51Z,2026-08-03T00:35:51Z,2026-08-03T02:53:51Z,resolved,0,,12589,response_order
TKT012689,AGT012,POLEMAILMEDIUM,email,medium,premium,technical_support,payment_failed,2026-08-05T07:02:53Z,2026-08-05T07:29:53Z,2026-08-06T16:45:53Z,resolved,1,4.0,12690,invalid_hierarchy
TKT012780,AGT001,POLPHONEHIGH,phone,high,standard,,,2026-08-07T08:11:39Z,2026-08-07T08:22:39Z,2026-08-07T11:32:39Z,resolved,0,,12781,missing_hierarchy
TKT013006,AGT002,POLWEBLOW,web,low,standard,billing,invoice,2026-08-13T03:24:10Z,2026-08-13T03:23:10Z,2026-08-13T07:03:10Z,resolved,0,,13007,response_order
TKT013007,AGT013,POLEMAILMEDIUM,email,medium,premium,,,2026-08-13T03:35:02Z,2026-08-13T05:31:02Z,2026-08-13T05:34:02Z,resolved,0,3.0,13008,missing_hierarchy
TKT013026,AGT999,POLWEBLOW,web,low,premium,product_service_inquiry,feature_question,2026-08-13T08:06:12Z,2026-08-13T15:03:12Z,2026-08-13T15:04:12Z,resolved,0,,13027,unknown_owner
TKT013127,AGT017,POLEMAILMEDIUM,email,medium,standard,billing,,2026-08-16T01:27:25Z,2026-08-16T02:47:25Z,2026-08-16T06:09:25Z,closed,0,,13128,missing_hierarchy
TKT013156,AGT017,POLCHATMEDIUM,chat,medium,standard,technical_support,payment_failed,2026-08-17T03:17:21Z,2026-08-17T03:34:21Z,2026-08-17T05:00:21Z,resolved,0,,13157,invalid_hierarchy
TKT013284,AGT017,POLPHONEHIGH,phone,high,standard,technical_support,payment_failed,2026-08-19T06:33:00Z,2026-08-19T06:35:00Z,2026-08-19T08:00:00Z,resolved,0,5.0,13285,invalid_hierarchy
TKT013292,AGT007,POLCHATHIGH,chat,high,vip,technical_support,payment_failed,2026-08-19T07:35:39Z,2026-08-19T07:42:39Z,2026-08-19T15:36:39Z,resolved,1,3.0,13293,invalid_hierarchy
TKT013337,AGT018,POLCHATMEDIUM,chat,medium,standard,product_service_inquiry,,2026-08-20T08:09:45Z,2026-08-20T08:13:45Z,2026-08-20T08:33:45Z,closed,0,,13338,missing_hierarchy
TKT013451,AGT007,POLCHATMEDIUM,chat,medium,standard,technical_support,payment_failed,2026-08-24T02:25:35Z,2026-08-24T02:47:35Z,2026-08-24T13:29:35Z,resolved,2,4.0,13452,invalid_hierarchy
TKT013481,AGT002,POLEMAILMEDIUM,email,medium,standard,product_service_inquiry,pricing,2026-08-24T07:58:44Z,2026-08-24T09:00:44Z,,resolved,1,5.0,13482,completed_missing_fields
TKT013577,AGT014,POLPHONEHIGH,phone,high,standard,technical_support,payment_failed,2026-08-26T08:15:33Z,2026-08-26T08:17:33Z,,open,0,,13578,invalid_hierarchy
TKT013665,AGT014,POLEMAILMEDIUM,email,medium,standard,,,2026-08-28T13:02:30Z,2026-08-28T13:46:30Z,2026-08-29T03:53:30Z,resolved,1,,13666,missing_hierarchy
TKT013708,AGT001,POLWEBMEDIUM,web,medium,standard,technical_support,payment_failed,2026-08-30T08:44:45Z,2026-08-30T10:43:45Z,,open,0,,13709,invalid_hierarchy
TKT013741,AGT012,POLPHONEMEDIUM,phone,medium,standard,technical_support,payment_failed,2026-08-31T03:35:57Z,2026-08-31T03:45:57Z,2026-08-31T16:41:57Z,resolved,0,3.0,13742,invalid_hierarchy
TKT013903,AGT012,POLEMAILLOW,email,low,vip,technical_support,bug_error,2026-09-03T10:39:05Z,2026-09-03T10:38:05Z,,open,0,,13904,response_order
TKT013908,AGT001,POLPHONELOW,phone,low,standard,product_service_inquiry,feature_question,2026-09-03T12:15:14Z,2026-09-03T12:53:14Z,,resolved,0,,13909,completed_missing_fields
TKT014074,AGT017,POLCHATMEDIUM,chat,medium,standard,billing,subscription,2026-09-08T04:44:59Z,2026-09-08T05:05:59Z,,resolved,0,,14075,completed_missing_fields
TKT014217,AGT013,POLWEBURGENT,web,urgent,premium,,,2026-09-11T02:54:45Z,2026-09-11T03:33:45Z,2026-09-11T23:19:45Z,resolved,0,4.0,14218,missing_hierarchy
TKT014259,AGT999,POLEMAILMEDIUM,email,medium,standard,billing,payment_failed,2026-09-12T02:15:50Z,2026-09-12T02:33:50Z,,pending,0,,14260,unknown_owner
TKT014292,AGT003,POLWEBMEDIUM,web,medium,standard,service_request,configuration,2026-09-13T05:21:01Z,2026-09-13T09:39:01Z,,resolved,0,,14293,completed_missing_fields
TKT014319,AGT015,POLCHATMEDIUM,chat,medium,vip,technical_support,payment_failed,2026-09-14T02:56:18Z,2026-09-14T02:59:18Z,2026-09-14T06:57:18Z,closed,0,4.0,14320,invalid_hierarchy
TKT014508,AGT011,POLWEBLOW,web,low,vip,technical_support,payment_failed,2026-09-18T07:31:46Z,2026-09-18T10:36:46Z,2026-09-19T10:12:46Z,resolved,0,5.0,14509,invalid_hierarchy
TKT014538,AGT006,POLPHONEHIGH,phone,high,standard,technical_support,payment_failed,2026-09-19T08:54:23Z,2026-09-19T08:57:23Z,2026-09-19T16:40:23Z,resolved,0,,14539,invalid_hierarchy
TKT014573,AGT017,POLEMAILHIGH,email,high,standard,technical_support,payment_failed,2026-09-21T04:05:41Z,2026-09-21T04:38:41Z,2026-09-21T09:22:41Z,resolved,0,,14574,invalid_hierarchy
TKT014583,AGT016,POLWEBMEDIUM,web,medium,premium,billing,,2026-09-21T07:19:54Z,2026-09-21T10:08:54Z,2026-09-21T15:31:54Z,closed,0,,14584,missing_hierarchy
TKT014684,AGT002,POLWEBMEDIUM,web,medium,premium,product_service_inquiry,pricing,2026-09-23T13:09:03Z,2026-09-23T13:08:03Z,2026-09-23T16:13:03Z,closed,0,5.0,14685,response_order
TKT014718,AGT001,POLWEBMEDIUM,web,medium,premium,service_request,configuration,2026-09-24T06:59:32Z,2026-09-24T14:18:32Z,,resolved,0,,14719,completed_missing_fields
TKT014794,AGT018,POLEMAILLOW,email,low,standard,account_access,verification,2026-09-26T06:28:16Z,2026-09-26T07:44:16Z,,closed,0,,14795,completed_missing_fields
TKT014923,AGT002,POLPHONEMEDIUM,phone,medium,standard,service_request,,2026-09-29T05:59:24Z,2026-09-29T06:02:24Z,2026-09-29T08:24:24Z,closed,0,4.0,14924,missing_hierarchy
