work_log_id,ticket_id,agent_id,work_date,handling_minutes,_source_row,quarantine_reason
WL0000013,TKT000012,AGT007,2025-10-01,39,14,unknown_ticket
WL0000093,TKT000075,AGT009,2025-10-02,42,94,unknown_ticket
WL0000198,TKT000161,AGT009,2025-10-04,225,199,unknown_ticket
WL0000220,TKT000183,AGT007,2025-10-05,56,221,unknown_ticket
WL0000221,TKT000183,AGT011,2025-10-05,63,222,unknown_ticket
WL0000400,TKT000330,AGT010,2025-10-08,307,401,unknown_ticket
WL0000417,TKT000342,AGT013,2025-10-09,26,418,missing_workforce
WL0000425,TKT000350,AGT013,2025-10-09,36,426,missing_workforce
WL0000434,TKT000356,AGT013,2025-10-09,60,435,missing_workforce
WL0000437,TKT000359,AGT013,2025-10-09,44,438,missing_workforce
WL0000440,TKT000361,AGT013,2025-10-09,62,441,missing_workforce
WL0000449,TKT000369,AGT013,2025-10-09,68,450,missing_workforce
WL0000450,TKT000370,AGT013,2025-10-09,13,451,missing_workforce
WL0000452,TKT000371,AGT013,2025-10-09,30,453,missing_workforce
WL0000456,TKT000374,AGT013,2025-10-09,63,457,missing_workforce
WL0000464,TKT000381,AGT013,2025-10-09,44,465,missing_workforce
WL0000622,TKT000508,AGT007,2025-10-13,76,623,unknown_ticket
WL0000676,TKT000551,AGT007,2025-10-14,136,677,unknown_ticket
WL0000684,TKT000557,AGT005,2025-10-15,57,685,missing_workforce
WL0000688,TKT000560,AGT015,2025-10-15,24,689,unknown_ticket
WL0000699,TKT000567,AGT005,2025-10-15,82,700,missing_workforce
WL0000701,TKT000569,AGT005,2025-10-15,68,702,missing_workforce
WL0000709,TKT000577,AGT005,2025-10-15,52,710,missing_workforce
WL0000720,TKT000586,AGT005,2025-10-15,12,721,missing_workforce
WL0000727,TKT000593,AGT014,2025-10-15,4,728,unknown_ticket
WL0000728,TKT000593,AGT015,2025-10-15,135,729,unknown_ticket
WL0000731,TKT000596,AGT005,2025-10-15,91,732,missing_workforce
WL0000737,TKT000600,AGT001,2025-10-15,40,738,unknown_ticket
WL0000738,TKT000600,AGT014,2025-10-15,116,739,unknown_ticket
WL0000741,TKT000602,AGT005,2025-10-15,28,742,missing_workforce
WL0000769,TKT000626,AGT008,2025-10-16,82,770,unknown_ticket
WL0000796,TKT000650,AGT010,2025-10-17,41,797,missing_workforce
WL0000808,TKT000660,AGT010,2025-10-17,177,809,missing_workforce
WL0000809,TKT000661,AGT010,2025-10-17,116,810,missing_workforce
WL0000812,TKT000663,AGT010,2025-10-17,32,813,missing_workforce
WL0000813,TKT000664,AGT010,2025-10-17,75,814,missing_workforce
WL0000818,TKT000667,AGT010,2025-10-17,39,819,missing_workforce
WL0000952,TKT000780,AGT001,2025-10-20,28,953,unknown_ticket
WL0000965,TKT000791,AGT004,2025-10-20,16,966,unknown_ticket
WL0001042,TKT000858,AGT010,2025-10-21,55,1043,unknown_ticket
WL0001086,TKT000895,AGT008,2025-10-22,89,1087,unknown_ticket
WL0001087,TKT000895,AGT010,2025-10-22,165,1088,unknown_ticket
WL0001266,TKT001034,AGT013,2025-10-26,30,1267,unknown_ticket
WL0001293,TKT001059,AGT010,2025-10-27,36,1294,missing_workforce
WL0001297,TKT001062,AGT010,2025-10-27,117,1298,missing_workforce
WL0001300,TKT001065,AGT015,2025-10-27,75,1301,unknown_ticket
WL0001308,TKT001071,AGT010,2025-10-27,92,1309,missing_workforce
WL0001311,TKT001074,AGT010,2025-10-27,49,1312,missing_workforce
WL0001331,TKT001091,AGT010,2025-10-27,83,1332,missing_workforce
WL0001335,TKT001094,AGT010,2025-10-27,40,1336,missing_workforce
WL0001341,TKT001099,AGT010,2025-10-27,25,1342,missing_workforce
WL0001349,TKT001104,AGT010,2025-10-27,38,1350,missing_workforce
WL0001370,TKT001123,AGT001,2025-10-28,10,1371,unknown_ticket
WL0001371,TKT001123,AGT004,2025-10-28,16,1372,unknown_ticket
WL0001493,TKT001220,AGT003,2025-10-29,65,1494,unknown_ticket
WL0001508,TKT001234,AGT008,2025-10-30,105,1509,unknown_ticket
WL0001690,TKT001375,AGT003,2025-11-02,30,1691,unknown_ticket
WL0001800,TKT001467,AGT002,2025-11-04,91,1801,unknown_ticket
WL0001876,TKT001528,AGT001,2025-11-05,52,1877,unknown_ticket
WL0001879,TKT001531,AGT008,2025-11-05,34,1880,unknown_ticket
WL0001890,TKT001539,AGT016,2025-11-05,64,1891,unknown_ticket
WL0001980,TKT001612,AGT008,2025-11-07,241,1981,unknown_ticket
WL0002234,TKT001818,AGT002,2025-11-12,29,2235,unknown_ticket
WL0002467,TKT002007,AGT011,2025-11-17,96,2468,unknown_ticket
WL0002594,TKT002106,AGT009,2025-11-19,35,2595,unknown_ticket
WL0002602,TKT002113,AGT005,2025-11-19,22,2603,unknown_ticket
WL0002695,TKT002189,AGT013,2025-11-21,118,2696,unknown_ticket
WL0002790,TKT002267,AGT014,2025-11-23,45,2791,unknown_ticket
WL0002911,TKT002366,AGT008,2025-11-25,131,2912,unknown_ticket
WL0002912,TKT002366,AGT011,2025-11-25,72,2913,unknown_ticket
WL0002975,TKT002416,AGT018,2025-11-26,47,2976,unknown_ticket
WL0003150,TKT002555,AGT018,2025-11-29,107,3151,unknown_ticket
WL0003383,TKT002747,AGT010,2025-12-04,45,3384,unknown_ticket
WL0003416,TKT002771,AGT014,2025-12-04,38,3417,unknown_ticket
WL0003498,TKT002835,AGT011,2025-12-06,34,3499,unknown_ticket
WL0003499,TKT002835,AGT012,2025-12-06,63,3500,unknown_ticket
WL0003618,TKT002927,AGT008,2025-12-09,136,3619,unknown_ticket
WL0003854,TKT003123,AGT010,2025-12-14,88,3855,unknown_ticket
WL0003917,TKT003180,AGT002,2025-12-15,156,3918,unknown_ticket
WL0003935,TKT003195,AGT002,2025-12-16,71,3936,unknown_ticket
WL0003936,TKT003195,AGT003,2025-12-16,39,3937,unknown_ticket
WL0004005,TKT003253,AGT005,2025-12-18,61,4006,missing_workforce
WL0004006,TKT003254,AGT005,2025-12-18,48,4007,missing_workforce
WL0004019,TKT003265,AGT005,2025-12-18,54,4020,missing_workforce
WL0004029,TKT003274,AGT009,2025-12-18,74,4030,unknown_ticket
WL0004031,TKT003276,AGT005,2025-12-18,23,4032,missing_workforce
WL0004035,TKT003280,AGT005,2025-12-18,132,4036,missing_workforce
WL0004064,TKT003303,AGT007,2025-12-19,63,4065,unknown_ticket
WL0004065,TKT003303,AGT010,2025-12-19,117,4066,unknown_ticket
WL0004121,TKT003353,AGT011,2025-12-21,50,4122,unknown_ticket
WL0004153,TKT003380,AGT013,2025-12-22,29,4154,unknown_ticket
WL0004154,TKT003380,AGT014,2025-12-22,16,4155,unknown_ticket
WL0004246,TKT003459,AGT002,2025-12-23,160,4247,unknown_ticket
WL0004251,TKT003463,AGT018,2025-12-23,198,4252,unknown_ticket
WL0004401,TKT003588,AGT013,2025-12-26,65,4402,unknown_ticket
WL0004532,TKT003698,AGT013,2025-12-29,100,4533,unknown_ticket
WL0004533,TKT003698,AGT015,2025-12-29,54,4534,unknown_ticket
WL0004551,TKT003713,AGT002,2025-12-30,44,4552,unknown_ticket
WL0004737,TKT003869,AGT015,2026-01-02,38,4738,unknown_ticket
WL0004756,TKT003885,AGT003,2026-01-02,44,4757,unknown_ticket
WL0004853,TKT003965,AGT018,2026-01-05,57,4854,unknown_ticket
WL0004903,TKT004002,AGT003,2026-01-05,127,4904,unknown_ticket
WL0005023,TKT004104,AGT002,2026-01-07,13,5024,unknown_ticket
WL0005024,TKT004104,AGT005,2026-01-07,7,5025,unknown_ticket
WL0005081,TKT004148,AGT003,2026-01-08,77,5082,unknown_ticket
WL0005151,TKT004210,AGT003,2026-01-10,81,5152,unknown_ticket
WL0005242,TKT004287,AGT008,2026-01-12,94,5243,unknown_ticket
WL0005243,TKT004287,AGT010,2026-01-12,52,5244,unknown_ticket
WL0005442,TKT004446,AGT017,2026-01-16,66,5443,missing_workforce
WL0005446,TKT004450,AGT017,2026-01-16,53,5447,missing_workforce
WL0005474,TKT004472,AGT017,2026-01-16,73,5475,missing_workforce
WL0005529,TKT004518,AGT014,2026-01-19,55,5530,unknown_ticket
WL0005555,TKT004541,AGT018,2026-01-19,57,5556,unknown_ticket
WL0005690,TKT004656,AGT010,2026-01-22,80,5691,unknown_ticket
WL0005745,TKT004698,AGT013,2026-01-23,68,5746,unknown_ticket
WL0005763,TKT004715,AGT001,2026-01-23,30,5764,unknown_ticket
WL0005764,TKT004715,AGT002,2026-01-23,17,5765,unknown_ticket
WL0005821,TKT004765,AGT017,2026-01-24,96,5822,unknown_ticket
WL0005930,TKT004855,AGT013,2026-01-27,59,5931,unknown_ticket
WL0005967,TKT004886,AGT018,2026-01-27,71,5968,unknown_ticket
WL0006171,TKT005046,AGT003,2026-01-30,87,6172,unknown_ticket
WL0006174,TKT005049,AGT003,2026-01-30,98,6175,unknown_ticket
WL0006273,TKT005135,AGT005,2026-02-02,35,6274,unknown_ticket
WL0006311,TKT005168,AGT007,2026-02-03,124,6312,unknown_ticket
WL0006316,TKT005172,AGT015,2026-02-03,42,6317,unknown_ticket
WL0006401,TKT005245,AGT015,2026-02-04,39,6402,unknown_ticket
WL0006402,TKT005245,AGT018,2026-02-04,22,6403,unknown_ticket
WL0006483,TKT005311,AGT005,2026-02-06,55,6484,unknown_ticket
WL0006521,TKT005342,AGT004,2026-02-06,25,6522,unknown_ticket
WL0006578,TKT005390,AGT017,2026-02-08,50,6579,unknown_ticket
WL0006687,TKT005479,AGT017,2026-02-10,52,6688,unknown_ticket
WL0006721,TKT005509,AGT014,2026-02-11,94,6722,unknown_ticket
WL0007015,TKT005757,AGT013,2026-02-17,39,7016,missing_workforce
WL0007016,TKT005758,AGT013,2026-02-17,91,7017,missing_workforce
WL0007037,TKT005774,AGT013,2026-02-17,96,7038,missing_workforce
WL0007058,TKT005794,AGT005,2026-02-18,125,7059,unknown_ticket
WL0007156,TKT005878,AGT004,2026-02-19,34,7157,unknown_ticket
WL0007169,TKT005886,AGT012,2026-02-19,285,7170,unknown_ticket
WL0007173,TKT005889,AGT017,2026-02-20,35,7174,unknown_ticket
WL0007174,TKT005889,AGT018,2026-02-20,63,7175,unknown_ticket
WL0007177,TKT005891,AGT017,2026-02-20,64,7178,unknown_ticket
WL0007181,TKT005895,AGT001,2026-02-20,53,7182,unknown_ticket
WL0007187,TKT005901,AGT001,2026-02-20,44,7188,unknown_ticket
WL0007191,TKT005905,AGT013,2026-02-20,21,7192,unknown_ticket
WL0007282,TKT005978,AGT008,2026-02-23,159,7283,unknown_ticket
WL0007310,TKT006000,AGT003,2026-02-23,142,7311,unknown_ticket
WL0007410,TKT006083,AGT017,2026-02-25,41,7411,unknown_ticket
WL0007436,TKT006107,AGT010,2026-02-25,256,7437,unknown_ticket
WL0007446,TKT006114,AGT017,2026-02-25,33,7447,unknown_ticket
WL0007647,TKT006286,AGT014,2026-03-02,29,7648,unknown_ticket
WL0007715,TKT006341,AGT007,2026-03-03,114,7716,unknown_ticket
WL0007832,TKT006436,AGT001,2026-03-05,3,7833,unknown_ticket
WL0007833,TKT006436,AGT003,2026-03-05,49,7834,unknown_ticket
WL0007882,TKT006477,AGT010,2026-03-06,97,7883,unknown_ticket
WL0007907,TKT006498,AGT014,2026-03-06,16,7908,unknown_ticket
WL0007908,TKT006498,AGT015,2026-03-06,29,7909,unknown_ticket
WL0008060,TKT006618,AGT017,2026-03-09,144,8061,unknown_ticket
WL0008096,TKT006646,AGT007,2026-03-10,118,8097,unknown_ticket
WL0008104,TKT006653,AGT002,2026-03-10,174,8105,unknown_ticket
WL0008626,TKT007067,AGT005,2026-03-19,86,8627,unknown_ticket
WL0008745,TKT007168,AGT018,2026-03-21,48,8746,unknown_ticket
WL0008900,TKT007299,AGT018,2026-03-25,87,8901,unknown_ticket
WL0008975,TKT007360,AGT016,2026-03-26,15,8976,unknown_ticket
WL0008976,TKT007360,AGT018,2026-03-26,9,8977,unknown_ticket
WL0008985,TKT007368,AGT012,2026-03-27,215,8986,unknown_ticket
WL0008989,TKT007372,AGT014,2026-03-27,41,8990,unknown_ticket
WL0009013,TKT007393,AGT007,2026-03-28,105,9014,unknown_ticket
WL0009014,TKT007393,AGT010,2026-03-28,57,9015,unknown_ticket
WL0009039,TKT007412,AGT004,2026-03-29,68,9040,unknown_ticket
WL0009066,TKT007436,AGT008,2026-03-29,55,9067,unknown_ticket
WL0009067,TKT007436,AGT010,2026-03-29,100,9068,unknown_ticket
WL0009135,TKT007494,AGT013,2026-03-31,32,9136,unknown_ticket
WL0009136,TKT007495,AGT013,2026-03-31,87,9137,unknown_ticket
WL0009330,TKT007660,AGT003,2026-04-03,50,9331,unknown_ticket
WL0009493,TKT007796,AGT016,2026-04-07,35,9494,unknown_ticket
WL0009515,TKT007816,AGT018,2026-04-07,57,9516,unknown_ticket
WL0009644,TKT007923,AGT001,2026-04-10,98,9645,unknown_ticket
WL0009664,TKT007940,AGT001,2026-04-10,71,9665,unknown_ticket
WL0009729,TKT007994,AGT001,2026-04-12,75,9730,unknown_ticket
WL0009735,TKT008000,AGT007,2026-04-13,184,9736,unknown_ticket
WL0009805,TKT008055,AGT007,2026-04-14,82,9806,unknown_ticket
WL0009806,TKT008055,AGT011,2026-04-14,152,9807,unknown_ticket
WL0009847,TKT008084,AGT003,2026-04-15,19,9848,unknown_ticket
WL0009874,TKT008107,AGT006,2026-04-15,175,9875,unknown_ticket
WL0009980,TKT008189,AGT014,2026-04-17,59,9981,unknown_ticket
WL0009981,TKT008189,AGT018,2026-04-17,33,9982,unknown_ticket
WL0009992,TKT008199,AGT001,2026-04-17,73,9993,unknown_ticket
WL0010158,TKT008336,AGT015,2026-04-21,23,10159,unknown_ticket
WL0010305,TKT008452,AGT003,2026-04-23,44,10306,unknown_ticket
WL0010312,TKT008457,AGT014,2026-04-24,53,10313,unknown_ticket
WL0010342,TKT008483,AGT011,2026-04-24,201,10343,unknown_ticket
WL0010480,TKT008596,AGT017,2026-04-28,25,10481,unknown_ticket
WL0010548,TKT008654,AGT018,2026-04-29,25,10549,unknown_ticket
WL0010554,TKT008659,AGT004,2026-04-29,42,10555,unknown_ticket
WL0010600,TKT008697,AGT016,2026-04-29,59,10601,unknown_ticket
WL0010666,TKT008749,AGT016,2026-04-30,68,10667,unknown_ticket
WL0010689,TKT008768,AGT007,2026-05-01,55,10690,unknown_ticket
WL0010741,TKT008806,AGT017,2026-05-01,12,10742,unknown_ticket
WL0010742,TKT008806,AGT018,2026-05-01,60,10743,unknown_ticket
WL0010759,TKT008820,AGT016,2026-05-02,34,10760,unknown_ticket
WL0010791,TKT008845,AGT010,2026-05-03,49,10792,unknown_ticket
WL0010907,TKT008945,AGT017,2026-05-05,28,10908,unknown_ticket
WL0010949,TKT008978,AGT006,2026-05-06,64,10950,unknown_ticket
WL0010997,TKT009018,AGT009,2026-05-07,91,10998,unknown_ticket
WL0010999,TKT009020,AGT013,2026-05-07,68,11000,unknown_ticket
WL0011000,TKT009020,AGT014,2026-05-07,124,11001,unknown_ticket
WL0011004,TKT009024,AGT015,2026-05-07,56,11005,unknown_ticket
WL0011011,TKT009031,AGT011,2026-05-07,113,11012,unknown_ticket
WL0011069,TKT009083,AGT016,2026-05-08,45,11070,unknown_ticket
WL0011075,TKT009089,AGT004,2026-05-08,66,11076,unknown_ticket
WL0011157,TKT009155,AGT006,2026-05-10,113,11158,unknown_ticket
WL0011265,TKT009244,AGT015,2026-05-12,36,11266,unknown_ticket
WL0011319,TKT009285,AGT009,2026-05-13,73,11320,unknown_ticket
WL0011382,TKT009335,AGT013,2026-05-13,3,11383,unknown_ticket
WL0011383,TKT009335,AGT015,2026-05-13,28,11384,unknown_ticket
WL0011406,TKT009355,AGT008,2026-05-14,92,11407,unknown_ticket
WL0011417,TKT009364,AGT014,2026-05-14,82,11418,unknown_ticket
WL0011474,TKT009412,AGT001,2026-05-15,51,11475,unknown_ticket
WL0011475,TKT009412,AGT006,2026-05-15,92,11476,unknown_ticket
WL0011551,TKT009477,AGT017,2026-05-17,62,11552,unknown_ticket
WL0011563,TKT009488,AGT006,2026-05-18,96,11564,missing_workforce
WL0011569,TKT009493,AGT006,2026-05-18,12,11570,missing_workforce
WL0011589,TKT009510,AGT006,2026-05-18,63,11590,missing_workforce
WL0011604,TKT009523,AGT006,2026-05-18,64,11605,missing_workforce
WL0011620,TKT009535,AGT013,2026-05-19,43,11621,unknown_ticket
WL0011727,TKT009617,AGT009,2026-05-20,223,11728,unknown_ticket
WL0011732,TKT009622,AGT006,2026-05-20,119,11733,unknown_ticket
WL0011845,TKT009719,AGT001,2026-05-23,170,11846,unknown_ticket
WL0011877,TKT009744,AGT005,2026-05-24,66,11878,unknown_ticket
WL0011945,TKT009803,AGT008,2026-05-25,41,11946,unknown_ticket
WL0011946,TKT009803,AGT011,2026-05-25,76,11947,unknown_ticket
WL0011947,TKT009804,AGT016,2026-05-25,80,11948,unknown_ticket
WL0011952,TKT009808,AGT004,2026-05-26,118,11953,unknown_ticket
WL0012205,TKT010013,AGT016,2026-05-30,97,12206,unknown_ticket
WL0012272,TKT010071,AGT014,2026-06-01,87,12273,unknown_ticket
WL0012329,TKT010116,AGT008,2026-06-02,74,12330,unknown_ticket
WL0012350,TKT010134,AGT003,2026-06-02,42,12351,unknown_ticket
WL0012351,TKT010134,AGT005,2026-06-02,77,12352,unknown_ticket
WL0012397,TKT010174,AGT016,2026-06-03,75,12398,unknown_ticket
WL0012414,TKT010189,AGT017,2026-06-03,37,12415,unknown_ticket
WL0012445,TKT010214,AGT009,2026-06-04,268,12446,unknown_ticket
WL0012681,TKT010400,AGT006,2026-06-09,80,12682,unknown_ticket
WL0012809,TKT010500,AGT008,2026-06-10,71,12810,unknown_ticket
WL0012810,TKT010500,AGT011,2026-06-10,39,12811,unknown_ticket
WL0012855,TKT010539,AGT008,2026-06-11,165,12856,unknown_ticket
WL0012951,TKT010619,AGT007,2026-06-14,113,12952,unknown_ticket
WL0013164,TKT010799,AGT004,2026-06-18,63,13165,unknown_ticket
WL0013364,TKT010979,AGT001,2026-06-23,45,13365,unknown_ticket
WL0013524,TKT011115,AGT015,2026-06-26,131,13525,unknown_ticket
WL0013574,TKT011156,AGT016,2026-06-28,27,13575,unknown_ticket
WL0013575,TKT011156,AGT018,2026-06-28,49,13576,unknown_ticket
WL0013812,TKT011352,AGT005,2026-07-02,31,13813,unknown_ticket
WL0014027,TKT011536,AGT014,2026-07-07,36,14028,unknown_ticket
WL0014030,TKT011538,AGT009,2026-07-08,162,14031,unknown_ticket
WL0014185,TKT011665,AGT004,2026-07-10,3,14186,unknown_ticket
WL0014186,TKT011665,AGT005,2026-07-10,69,14187,unknown_ticket
WL0014187,TKT011665,AGT015,2026-07-10,3,14188,unknown_ticket
WL0014533,TKT011950,AGT010,2026-07-17,65,14534,unknown_ticket
WL0014534,TKT011950,AGT011,2026-07-17,35,14535,unknown_ticket
WL0014544,TKT011959,AGT005,2026-07-18,129,14545,unknown_ticket
WL0014607,TKT012012,AGT007,2026-07-20,92,14608,unknown_ticket
WL0014675,TKT012070,AGT003,2026-07-21,46,14676,unknown_ticket
WL0014892,TKT012249,AGT004,2026-07-25,34,14893,unknown_ticket
WL0014913,TKT012265,AGT003,2026-07-25,57,14914,unknown_ticket
WL0014914,TKT012265,AGT004,2026-07-25,105,14915,unknown_ticket
WL0015072,TKT012392,AGT016,2026-07-29,67,15073,unknown_ticket
WL0015093,TKT012410,AGT003,2026-07-29,45,15094,unknown_ticket
WL0015107,TKT012423,AGT002,2026-07-29,46,15108,unknown_ticket
WL0015111,TKT012427,AGT001,2026-07-29,9,15112,unknown_ticket
WL0015112,TKT012427,AGT002,2026-07-29,8,15113,unknown_ticket
WL0015113,TKT012427,AGT005,2026-07-29,30,15114,unknown_ticket
WL0015131,TKT012444,AGT013,2026-07-30,69,15132,unknown_ticket
WL0015133,TKT012446,AGT012,2026-07-30,106,15134,unknown_ticket
WL0015173,TKT012479,AGT012,2026-07-30,137,15174,unknown_ticket
WL0015215,TKT012513,AGT016,2026-07-31,88,15216,unknown_ticket
WL0015232,TKT012528,AGT016,2026-07-31,73,15233,unknown_ticket
WL0015269,TKT012558,AGT003,2026-08-01,92,15270,unknown_ticket
WL0015307,TKT012588,AGT002,2026-08-03,61,15308,unknown_ticket
WL0015431,TKT012689,AGT012,2026-08-05,201,15432,unknown_ticket
WL0015541,TKT012780,AGT001,2026-08-07,185,15542,unknown_ticket
WL0015809,TKT013006,AGT002,2026-08-13,32,15810,unknown_ticket
WL0015810,TKT013007,AGT013,2026-08-13,43,15811,unknown_ticket
WL0015835,TKT013026,AGT003,2026-08-13,19,15836,unknown_ticket
WL0015959,TKT013127,AGT017,2026-08-16,78,15960,unknown_ticket
WL0015960,TKT013127,AGT018,2026-08-16,43,15961,unknown_ticket
WL0015997,TKT013156,AGT017,2026-08-17,48,15998,unknown_ticket
WL0016151,TKT013284,AGT017,2026-08-19,37,16152,unknown_ticket
WL0016160,TKT013292,AGT007,2026-08-19,44,16161,unknown_ticket
WL0016216,TKT013337,AGT018,2026-08-20,53,16217,unknown_ticket
WL0016348,TKT013451,AGT007,2026-08-24,127,16349,unknown_ticket
WL0016380,TKT013481,AGT002,2026-08-24,38,16381,unknown_ticket
WL0016491,TKT013577,AGT014,2026-08-26,68,16492,unknown_ticket
WL0016602,TKT013665,AGT014,2026-08-28,116,16603,unknown_ticket
WL0016653,TKT013708,AGT001,2026-08-30,228,16654,unknown_ticket
WL0016689,TKT013741,AGT007,2026-08-31,46,16690,unknown_ticket
WL0016690,TKT013741,AGT012,2026-08-31,84,16691,unknown_ticket
WL0016884,TKT013903,AGT012,2026-09-03,113,16885,unknown_ticket
WL0016890,TKT013908,AGT001,2026-09-03,120,16891,unknown_ticket
WL0017090,TKT014074,AGT017,2026-09-08,49,17091,unknown_ticket
WL0017260,TKT014217,AGT013,2026-09-11,62,17261,unknown_ticket
WL0017310,TKT014259,AGT003,2026-09-12,47,17311,unknown_ticket
WL0017350,TKT014292,AGT003,2026-09-13,66,17351,unknown_ticket
WL0017380,TKT014319,AGT015,2026-09-14,26,17381,unknown_ticket
WL0017381,TKT014319,AGT016,2026-09-14,14,17382,unknown_ticket
WL0017612,TKT014508,AGT009,2026-09-18,78,17613,unknown_ticket
WL0017613,TKT014508,AGT011,2026-09-18,149,17614,unknown_ticket
WL0017651,TKT014538,AGT006,2026-09-19,137,17652,unknown_ticket
WL0017693,TKT014573,AGT017,2026-09-21,110,17694,unknown_ticket
WL0017708,TKT014583,AGT016,2026-09-21,115,17709,unknown_ticket
WL0017830,TKT014684,AGT002,2026-09-23,29,17831,unknown_ticket
WL0017867,TKT014718,AGT001,2026-09-24,171,17868,unknown_ticket
WL0017966,TKT014794,AGT018,2026-09-26,22,17967,unknown_ticket
WL0018119,TKT014923,AGT001,2026-09-29,35,18120,unknown_ticket
WL0018120,TKT014923,AGT002,2026-09-29,65,18121,unknown_ticket
WLD0000001,TKT999999,AGT011,2026-04-14,-1,18253,unknown_ticket;invalid_handling
WLD0000002,TKT999999,AGT018,2026-08-04,-1,18254,unknown_ticket;invalid_handling
WLD0000003,TKT999999,AGT002,2026-01-07,-1,18255,unknown_ticket;invalid_handling
WLD0000004,TKT999999,AGT004,2026-02-02,-1,18256,unknown_ticket;invalid_handling
WLD0000005,TKT999999,AGT005,2026-06-01,-1,18257,unknown_ticket;invalid_handling
WLD0000006,TKT999999,AGT017,2025-10-03,-1,18258,unknown_ticket;invalid_handling
WLD0000007,TKT999999,AGT016,2026-05-10,-1,18259,unknown_ticket;invalid_handling
WLD0000008,TKT999999,AGT007,2025-11-07,-1,18260,unknown_ticket;invalid_handling
WLD0000009,TKT999999,AGT008,2026-08-31,-1,18261,unknown_ticket;invalid_handling
WLD0000010,TKT999999,AGT015,2025-10-31,-1,18262,unknown_ticket;invalid_handling
WLD0000011,TKT999999,AGT018,2026-09-14,-1,18263,unknown_ticket;invalid_handling
WLD0000012,TKT999999,AGT010,2026-09-30,-1,18264,unknown_ticket;invalid_handling
WLD0000013,TKT999999,AGT008,2026-09-23,-1,18265,unknown_ticket;invalid_handling
WLD0000014,TKT999999,AGT005,2026-08-12,-1,18266,unknown_ticket;invalid_handling
WLD0000015,TKT999999,AGT010,2026-01-29,-1,18267,unknown_ticket;invalid_handling
WLD0000016,TKT999999,AGT010,2026-07-01,-1,18268,unknown_ticket;invalid_handling
WLD0000017,TKT999999,AGT011,2025-12-10,-1,18269,unknown_ticket;invalid_handling
WLD0000018,TKT999999,AGT004,2026-07-24,-1,18270,unknown_ticket;invalid_handling
WLD0000019,TKT999999,AGT017,2026-02-21,-1,18271,unknown_ticket;invalid_handling
WLD0000020,TKT999999,AGT009,2025-12-18,-1,18272,unknown_ticket;invalid_handling
WLD0000021,TKT999999,AGT012,2026-03-01,-1,18273,unknown_ticket;invalid_handling
WLD0000022,TKT999999,AGT007,2026-07-07,-1,18274,unknown_ticket;invalid_handling
WLD0000023,TKT999999,AGT005,2026-08-13,-1,18275,unknown_ticket;invalid_handling
WLD0000024,TKT999999,AGT005,2026-09-20,-1,18276,unknown_ticket;invalid_handling
WLD0000025,TKT999999,AGT014,2026-07-06,-1,18277,unknown_ticket;invalid_handling
WLD0000026,TKT999999,AGT016,2026-03-02,-1,18278,unknown_ticket;invalid_handling
WLD0000027,TKT999999,AGT012,2026-07-04,-1,18279,unknown_ticket;invalid_handling
