agent_id,work_date,scheduled_minutes,absence_minutes,shrinkage_minutes,_source_row,quarantine_reason
AGT013,2025-10-09,480,0,481,132,invalid_capacity
AGT005,2025-10-15,480,0,481,216,invalid_capacity
AGT010,2025-10-17,480,0,481,250,invalid_capacity
AGT010,2025-10-27,480,0,481,400,invalid_capacity
AGT011,2025-12-13,480,0,481,1170,invalid_capacity
AGT005,2025-12-18,480,0,481,1250,invalid_capacity
AGT017,2026-01-16,480,0,481,1754,invalid_capacity
AGT013,2026-02-17,480,0,481,2294,invalid_capacity
AGT006,2026-05-18,450,0,451,3886,invalid_capacity
